STATE,STATENAME,ST_CASE,PEDS,PERNOTMVIT,VE_TOTAL,VE_FORMS,PVH_INVL,PERSONS,PERMVIT,COUNTY,COUNTYNAME,CITY,CITYNAME,MONTH,MONTHNAME,DAY,DAYNAME,DAY_WEEK,DAY_WEEKNAME,YEAR,HOUR,HOURNAME,MINUTE,MINUTENAME,TWAY_ID,TWAY_ID2,ROUTE,ROUTENAME,RUR_URB,RUR_URBNAME,FUNC_SYS,FUNC_SYSNAME,RD_OWNER,RD_OWNERNAME,NHS,NHSNAME,SP_JUR,SP_JURNAME,MILEPT,MILEPTNAME,LATITUDE,LATITUDENAME,LONGITUD,LONGITUDNAME,HARM_EV,HARM_EVNAME,MAN_COLL,MAN_COLLNAME,RELJCT1,RELJCT1NAME,RELJCT2,RELJCT2NAME,TYP_INT,TYP_INTNAME,REL_ROAD,REL_ROADNAME,WRK_ZONE,WRK_ZONENAME,LGT_COND,LGT_CONDNAME,WEATHER,WEATHERNAME,SCH_BUS,SCH_BUSNAME,RAIL,RAILNAME,NOT_HOUR,NOT_HOURNAME,NOT_MIN,NOT_MINNAME,ARR_HOUR,ARR_HOURNAME,ARR_MIN,ARR_MINNAME,HOSP_HR,HOSP_HRNAME,HOSP_MN,HOSP_MNNAME,FATALS
21,Kentucky,210224,0,0,2,2,0,2,2,105,HICKMAN (105),0,NOT APPLICABLE,5,May,5,5,5,Thursday,2022,14,2:00pm-2:59pm,40,40,SR-58,NA,3,State Highway,1,Rural,5,Major Collector,1,State Highway Agency,0,This section IS NOT on the NHS,0,No Special Jurisdiction,170,170,36.65391667,36.65391667,-88.87806389,-88.87806389,12,Motor Vehicle In-Transport,2,Front-to-Front,0,No,1,Non-Junction,1,Not an Intersection,1,On Roadway,0,None,1,Daylight,1,Clear,0,No,0000000,Not Applicable,14,2:00pm-2:59pm,41,41,14,2:00pm-2:59pm,48,48,15,3:00pm-3:59pm,20,20,1
21,Kentucky,210225,0,0,2,2,0,2,2,29,BULLITT (29),1572,HILLVIEW,5,May,21,21,7,Saturday,2022,10,10:00am-10:59am,2,2,SR-1526 JOHN HARPER HWY,SR-1450 BLUE LICK RD,3,State Highway,2,Urban,4,Minor Arterial,1,State Highway Agency,0,This section IS NOT on the NHS,0,No Special Jurisdiction,18,18,38.06346389,38.06346389,-85.69428611,-85.69428611,1,Rollover/Overturn,0,The First Harmful Event was Not a Collision with a Motor Vehicle in Transport,0,No,2,Intersection,2,Four-Way Intersection,1,On Roadway,0,None,1,Daylight,1,Clear,0,No,0000000,Not Applicable,10,10:00am-10:59am,5,5,10,10:00am-10:59am,10,10,88,Not Applicable (Not Transported),88,Not Applicable (Not Transported),1
21,Kentucky,210226,0,0,3,3,0,3,3,93,HARDIN (93),0,NOT APPLICABLE,5,May,26,26,5,Thursday,2022,17,5:00pm-5:59pm,1,1,SR-251 SHEPHERDSVILLE RD,NA,3,State Highway,1,Rural,5,Major Collector,1,State Highway Agency,1,This section IS ON the NHS,0,No Special Jurisdiction,62,62,37.780875,37.780875,-85.85651111,-85.85651111,1,Rollover/Overturn,0,The First Harmful Event was Not a Collision with a Motor Vehicle in Transport,0,No,1,Non-Junction,1,Not an Intersection,1,On Roadway,0,None,1,Daylight,10,Cloudy,0,No,0000000,Not Applicable,17,5:00pm-5:59pm,1,1,17,5:00pm-5:59pm,11,11,88,Not Applicable (Not Transported),88,Not Applicable (Not Transported),1
21,Kentucky,210227,0,0,1,1,0,2,2,235,WHITLEY (235),770,CORBIN,5,May,28,28,7,Saturday,2022,2,2:00am-2:59am,15,15,US-25 CUMBERLAND FALLS HWY,NA,2,US Highway,1,Rural,4,Minor Arterial,1,State Highway Agency,1,This section IS ON the NHS,0,No Special Jurisdiction,283,283,36.91011111,36.91011111,-84.15072222,-84.15072222,42,Tree (Standing Only),0,The First Harmful Event was Not a Collision with a Motor Vehicle in Transport,0,No,1,Non-Junction,1,Not an Intersection,4,On Roadside,0,None,2,Dark - Not Lighted,10,Cloudy,0,No,0000000,Not Applicable,0,0:00am-0:59am,0,0,0,0:00am-0:59am,0,0,0,0:00am-0:59am,0,0,1
21,Kentucky,210228,0,0,1,1,0,1,1,111,JEFFERSON (111),2090,LOUISVILLE,5,May,29,29,1,Sunday,2022,0,0:00am-0:59am,52,52,SR-6307 MAPLE SPRING DR,SR-61 PRESTON HWY,3,State Highway,2,Urban,4,Minor Arterial,1,State Highway Agency,0,This section IS NOT on the NHS,0,No Special Jurisdiction,11,11,38.09965278,38.09965278,-85.67104722,-85.67104722,32,Culvert,0,The First Harmful Event was Not a Collision with a Motor Vehicle in Transport,0,No,3,Intersection-Related,2,Four-Way Intersection,4,On Roadside,0,None,2,Dark - Not Lighted,10,Cloudy,0,No,0000000,Not Applicable,0,0:00am-0:59am,53,53,1,1:00am-1:59am,1,1,88,Not Applicable (Not Transported),88,Not Applicable (Not Transported),1
21,Kentucky,210229,0,0,2,2,0,2,2,207,RUSSELL (207),0,NOT APPLICABLE,5,May,10,10,3,Tuesday,2022,7,7:00am-7:59am,5,5,CR-MCCLENDON RIDGE RD,NA,4,County Road,1,Rural,7,Local,2,County Highway Agency,0,This section IS NOT on the NHS,0,No Special Jurisdiction,15,15,37.04864167,37.04864167,-85.01748611,-85.01748611,12,Motor Vehicle In-Transport,2,Front-to-Front,0,No,1,Non-Junction,1,Not an Intersection,1,On Roadway,0,None,1,Daylight,1,Clear,0,No,0000000,Not Applicable,7,7:00am-7:59am,30,30,7,7:00am-7:59am,40,40,7,7:00am-7:59am,53,53,1
21,Kentucky,210230,1,1,1,1,0,2,2,173,MONTGOMERY (173),0,NOT APPLICABLE,5,May,27,27,6,Friday,2022,22,10:00pm-10:59pm,27,27,US-60 OWINGSVILLE RD,NA,2,US Highway,2,Urban,4,Minor Arterial,1,State Highway Agency,0,This section IS NOT on the NHS,0,No Special Jurisdiction,80,80,38.08119444,38.08119444,-83.90428611,-83.90428611,8,Pedestrian,0,The First Harmful Event was Not a Collision with a Motor Vehicle in Transport,0,No,1,Non-Junction,1,Not an Intersection,1,On Roadway,0,None,2,Dark - Not Lighted,1,Clear,0,No,0000000,Not Applicable,22,10:00pm-10:59pm,26,26,22,10:00pm-10:59pm,32,32,22,10:00pm-10:59pm,47,47,1
21,Kentucky,210231,0,0,2,2,0,3,3,79,GARRARD (79),1890,LANCASTER,5,May,25,25,4,Wednesday,2022,8,8:00am-8:59am,44,44,SR-39 CRAB ORCHARD RD,NA,3,State Highway,1,Rural,5,Major Collector,1,State Highway Agency,0,This section IS NOT on the NHS,0,No Special Jurisdiction,46,46,37.59014444,37.59014444,-84.56628333,-84.56628333,12,Motor Vehicle In-Transport,2,Front-to-Front,0,No,1,Non-Junction,1,Not an Intersection,1,On Roadway,0,None,1,Daylight,1,Clear,0,No,0000000,Not Applicable,8,8:00am-8:59am,46,46,8,8:00am-8:59am,51,51,9,9:00am-9:59am,20,20,1
21,Kentucky,210233,0,0,1,1,0,1,1,97,HARRISON (97),850,CYNTHIANA,5,May,18,18,4,Wednesday,2022,13,1:00pm-1:59pm,19,19,SR-36,NA,3,State Highway,1,Rural,4,Minor Arterial,1,State Highway Agency,0,This section IS NOT on the NHS,0,No Special Jurisdiction,143,143,38.40243056,38.40243056,-84.31390278,-84.31390278,34,Ditch,0,The First Harmful Event was Not a Collision with a Motor Vehicle in Transport,0,No,1,Non-Junction,1,Not an Intersection,4,On Roadside,0,None,1,Daylight,10,Cloudy,0,No,0000000,Not Applicable,13,1:00pm-1:59pm,20,20,13,1:00pm-1:59pm,40,40,88,Not Applicable (Not Transported),88,Not Applicable (Not Transported),1
21,Kentucky,210234,1,1,2,2,0,1,1,195,PIKE (195),240,BELFRY,5,May,21,21,7,Saturday,2022,1,1:00am-1:59am,28,28,US-119,NA,2,US Highway,1,Rural,3,Principal Arterial - Other,1,State Highway Agency,1,This section IS ON the NHS,0,No Special Jurisdiction,221,221,37.63521111,37.63521111,-82.26037222,-82.26037222,12,Motor Vehicle In-Transport,2,Front-to-Front,0,No,1,Non-Junction,1,Not an Intersection,1,On Roadway,0,None,2,Dark - Not Lighted,1,Clear,0,No,0000000,Not Applicable,1,1:00am-1:59am,37,37,1,1:00am-1:59am,50,50,2,2:00am-2:59am,8,8,1
21,Kentucky,210235,0,0,1,1,0,1,1,173,MONTGOMERY (173),0,NOT APPLICABLE,5,May,31,31,3,Tuesday,2022,12,12:00pm-12:59pm,46,46,I-64,NA,1,Interstate,1,Rural,1,Interstate,1,State Highway Agency,1,This section IS ON the NHS,0,No Special Jurisdiction,1046,1046,38.060225,38.060225,-84.03741667,-84.03741667,35,Embankment,0,The First Harmful Event was Not a Collision with a Motor Vehicle in Transport,0,No,1,Non-Junction,1,Not an Intersection,4,On Roadside,0,None,1,Daylight,1,Clear,0,No,0000000,Not Applicable,12,12:00pm-12:59pm,47,47,12,12:00pm-12:59pm,53,53,88,Not Applicable (Not Transported),88,Not Applicable (Not Transported),1
21,Kentucky,210236,0,0,1,1,0,2,2,235,WHITLEY (235),0,NOT APPLICABLE,5,May,18,18,4,Wednesday,2022,13,1:00pm-1:59pm,45,45,CR-WHIPPORWILL RD,NA,4,County Road,1,Rural,7,Local,2,County Highway Agency,0,This section IS NOT on the NHS,0,No Special Jurisdiction,3,3,36.92025556,36.92025556,-84.25379167,-84.25379167,34,Ditch,0,The First Harmful Event was Not a Collision with a Motor Vehicle in Transport,0,No,1,Non-Junction,1,Not an Intersection,4,On Roadside,0,None,1,Daylight,1,Clear,0,No,0000000,Not Applicable,13,1:00pm-1:59pm,49,49,14,2:00pm-2:59pm,4,4,14,2:00pm-2:59pm,41,41,1
21,Kentucky,210237,0,0,1,1,0,1,1,85,GRAYSON (85),0,NOT APPLICABLE,5,May,29,29,1,Sunday,2022,17,5:00pm-5:59pm,3,3,US-62 BEAVER DAM RD,NA,2,US Highway,1,Rural,5,Major Collector,1,State Highway Agency,0,This section IS NOT on the NHS,0,No Special Jurisdiction,182,182,37.47065278,37.47065278,-86.33519167,-86.33519167,1,Rollover/Overturn,0,The First Harmful Event was Not a Collision with a Motor Vehicle in Transport,0,No,1,Non-Junction,1,Not an Intersection,4,On Roadside,0,None,1,Daylight,1,Clear,0,No,0000000,Not Applicable,17,5:00pm-5:59pm,5,5,17,5:00pm-5:59pm,12,12,88,Not Applicable (Not Transported),88,Not Applicable (Not Transported),1
21,Kentucky,210238,1,1,1,1,0,1,1,91,HANCOCK (91),1970,LEWISPORT,5,May,16,16,2,Monday,2022,20,8:00pm-8:59pm,53,53,SR-657 4TH ST,NA,3,State Highway,1,Rural,6,Minor Collector,1,State Highway Agency,0,This section IS NOT on the NHS,0,No Special Jurisdiction,79,79,37.92827222,37.92827222,-86.89741667,-86.89741667,8,Pedestrian,0,The First Harmful Event was Not a Collision with a Motor Vehicle in Transport,0,No,1,Non-Junction,1,Not an Intersection,1,On Roadway,0,None,3,Dark - Lighted,1,Clear,0,No,0000000,Not Applicable,20,8:00pm-8:59pm,56,56,21,9:00pm-9:59pm,1,1,21,9:00pm-9:59pm,27,27,1
21,Kentucky,210239,0,0,1,1,0,1,1,101,HENDERSON (101),0,NOT APPLICABLE,6,June,5,5,1,Sunday,2022,13,1:00pm-1:59pm,45,45,SR-1299,NA,3,State Highway,1,Rural,4,Minor Arterial,1,State Highway Agency,0,This section IS NOT on the NHS,0,No Special Jurisdiction,78,78,37.77029444,37.77029444,-87.59314444,-87.59314444,93,Unknown Fixed Object,0,The First Harmful Event was Not a Collision with a Motor Vehicle in Transport,0,No,1,Non-Junction,1,Not an Intersection,4,On Roadside,0,None,1,Daylight,1,Clear,0,No,0000000,Not Applicable,13,1:00pm-1:59pm,49,49,13,1:00pm-1:59pm,57,57,14,2:00pm-2:59pm,25,25,1
21,Kentucky,210240,1,1,1,1,0,1,1,219,TODD (219),0,NOT APPLICABLE,6,June,5,5,1,Sunday,2022,14,2:00pm-2:59pm,26,26,US-79,NA,2,US Highway,1,Rural,3,Principal Arterial - Other,1,State Highway Agency,1,This section IS ON the NHS,0,No Special Jurisdiction,103,103,36.73941944,36.73941944,-87.06269444,-87.06269444,8,Pedestrian,0,The First Harmful Event was Not a Collision with a Motor Vehicle in Transport,0,No,1,Non-Junction,1,Not an Intersection,1,On Roadway,0,None,1,Daylight,1,Clear,0,No,0000000,Not Applicable,14,2:00pm-2:59pm,32,32,14,2:00pm-2:59pm,48,48,88,Not Applicable (Not Transported),88,Not Applicable (Not Transported),1
21,Kentucky,210241,0,0,1,1,0,1,1,81,GRANT (81),1257,JONESVILLE,6,June,6,6,2,Monday,2022,11,11:00am-11:59am,8,8,SR-36 JONESVILLE RD,NA,3,State Highway,1,Rural,6,Minor Collector,1,State Highway Agency,0,This section IS NOT on the NHS,0,No Special Jurisdiction,35,35,38.641775,38.641775,-84.72060556,-84.72060556,58,Ground,0,The First Harmful Event was Not a Collision with a Motor Vehicle in Transport,0,No,1,Non-Junction,1,Not an Intersection,4,On Roadside,0,None,1,Daylight,2,Rain,0,No,0000000,Not Applicable,11,11:00am-11:59am,53,53,12,12:00pm-12:59pm,30,30,88,Not Applicable (Not Transported),88,Not Applicable (Not Transported),1
21,Kentucky,210242,0,0,1,1,0,1,1,51,CLAY (51),0,NOT APPLICABLE,6,June,7,7,3,Tuesday,2022,13,1:00pm-1:59pm,30,30,SR-11,NA,3,State Highway,1,Rural,5,Major Collector,1,State Highway Agency,0,This section IS NOT on the NHS,0,No Special Jurisdiction,179,179,37.25318333,37.25318333,-83.67179444,-83.67179444,42,Tree (Standing Only),0,The First Harmful Event was Not a Collision with a Motor Vehicle in Transport,0,No,1,Non-Junction,1,Not an Intersection,4,On Roadside,0,None,1,Daylight,1,Clear,0,No,0000000,Not Applicable,17,5:00pm-5:59pm,4,4,17,5:00pm-5:59pm,25,25,88,Not Applicable (Not Transported),88,Not Applicable (Not Transported),1
21,Kentucky,210243,1,1,2,2,0,2,2,111,JEFFERSON (111),2090,LOUISVILLE,6,June,4,4,7,Saturday,2022,5,5:00am-5:59am,36,36,US-31 DIXIE HWY,BONNYVILLE BLVD,2,US Highway,2,Urban,3,Principal Arterial - Other,1,State Highway Agency,1,This section IS ON the NHS,0,No Special Jurisdiction,131,131,38.16693333,38.16693333,-85.82924167,-85.82924167,8,Pedestrian,0,The First Harmful Event was Not a Collision with a Motor Vehicle in Transport,0,No,3,Intersection-Related,3,T-Intersection,1,On Roadway,0,None,2,Dark - Not Lighted,1,Clear,0,No,0000000,Not Applicable,5,5:00am-5:59am,36,36,5,5:00am-5:59am,43,43,6,6:00am-6:59am,23,23,1
21,Kentucky,210244,0,0,2,2,0,3,3,93,HARDIN (93),1000,ELIZABETHTOWN,6,June,6,6,2,Monday,2022,23,11:00pm-11:59pm,2,2,I-65,NA,1,Interstate,1,Rural,1,Interstate,1,State Highway Agency,1,This section IS ON the NHS,0,No Special Jurisdiction,914,914,37.67826389,37.67826389,-85.84631111,-85.84631111,12,Motor Vehicle In-Transport,2,Front-to-Front,1,Yes,18,Through Roadway,1,Not an Intersection,1,On Roadway,0,None,2,Dark - Not Lighted,2,Rain,0,No,0000000,Not Applicable,22,10:00pm-10:59pm,58,58,23,11:00pm-11:59pm,7,7,23,11:00pm-11:59pm,44,44,1
21,Kentucky,210245,0,0,3,3,0,3,3,121,KNOX (121),557,CANNON,6,June,8,8,4,Wednesday,2022,12,12:00pm-12:59pm,51,51,SR-11,NA,3,State Highway,1,Rural,5,Major Collector,1,State Highway Agency,0,This section IS NOT on the NHS,0,No Special Jurisdiction,142,142,36.92451944,36.92451944,-83.85186944,-83.85186944,12,Motor Vehicle In-Transport,8,Sideswipe - Opposite Direction,0,No,1,Non-Junction,1,Not an Intersection,1,On Roadway,0,None,1,Daylight,1,Clear,0,No,0000000,Not Applicable,12,12:00pm-12:59pm,51,51,13,1:00pm-1:59pm,15,15,13,1:00pm-1:59pm,36,36,1
21,Kentucky,210246,0,0,1,1,0,1,1,237,WOLFE (237),0,NOT APPLICABLE,6,June,9,9,5,Thursday,2022,10,10:00am-10:59am,58,58,SR-9009,NA,3,State Highway,1,Rural,3,Principal Arterial - Other,1,State Highway Agency,1,This section IS ON the NHS,0,No Special Jurisdiction,458,458,37.74273889,37.74273889,-83.51176944,-83.51176944,11,Live Animal,0,The First Harmful Event was Not a Collision with a Motor Vehicle in Transport,0,No,1,Non-Junction,1,Not an Intersection,1,On Roadway,0,None,1,Daylight,1,Clear,0,No,0000000,Not Applicable,10,10:00am-10:59am,55,55,11,11:00am-11:59am,4,4,88,Not Applicable (Not Transported),88,Not Applicable (Not Transported),1
21,Kentucky,210247,0,0,2,2,0,3,3,83,GRAVES (83),0,NOT APPLICABLE,6,June,11,11,7,Saturday,2022,11,11:00am-11:59am,45,45,SR-1241,SR-408,3,State Highway,1,Rural,6,Minor Collector,1,State Highway Agency,0,This section IS NOT on the NHS,0,No Special Jurisdiction,45,45,36.85534444,36.85534444,-88.66212222,-88.66212222,12,Motor Vehicle In-Transport,1,Front-to-Rear,0,No,3,Intersection-Related,2,Four-Way Intersection,1,On Roadway,0,None,1,Daylight,1,Clear,0,No,0000000,Not Applicable,11,11:00am-11:59am,56,56,12,12:00pm-12:59pm,4,4,12,12:00pm-12:59pm,22,22,1
21,Kentucky,210248,0,0,2,2,0,2,2,49,CLARK (49),0,NOT APPLICABLE,6,June,9,9,5,Thursday,2022,15,3:00pm-3:59pm,29,29,SR-2888 ROCKWELL RD,NA,3,State Highway,2,Urban,7,Local,1,State Highway Agency,0,This section IS NOT on the NHS,0,No Special Jurisdiction,8,8,38.03298333,38.03298333,-84.2592,-84.2592,12,Motor Vehicle In-Transport,8,Sideswipe - Opposite Direction,0,No,1,Non-Junction,1,Not an Intersection,1,On Roadway,0,None,1,Daylight,1,Clear,0,No,0000000,Not Applicable,16,4:00pm-4:59pm,9,9,16,4:00pm-4:59pm,11,11,16,4:00pm-4:59pm,29,29,1
21,Kentucky,210249,0,0,2,2,0,2,2,117,KENTON (117),1030,ELSMERE,6,June,9,9,5,Thursday,2022,16,4:00pm-4:59pm,43,43,SR-1303 TURKEY FOOT RD,NA,3,State Highway,2,Urban,4,Minor Arterial,1,State Highway Agency,0,This section IS NOT on the NHS,0,No Special Jurisdiction,22,22,38.98036667,38.98036667,-84.59086944,-84.59086944,12,Motor Vehicle In-Transport,2,Front-to-Front,0,No,1,Non-Junction,1,Not an Intersection,1,On Roadway,0,None,1,Daylight,1,Clear,0,No,0000000,Not Applicable,16,4:00pm-4:59pm,44,44,16,4:00pm-4:59pm,51,51,18,6:00pm-6:59pm,3,3,1
21,Kentucky,210250,0,0,1,1,0,1,1,111,JEFFERSON (111),2090,LOUISVILLE,6,June,13,13,2,Monday,2022,15,3:00pm-3:59pm,40,40,SR-1747 FERN VALLEY RD,GRADE LN,3,State Highway,2,Urban,7,Local,1,State Highway Agency,0,This section IS NOT on the NHS,0,No Special Jurisdiction,21,21,38.15753889,38.15753889,-85.73163611,-85.73163611,30,Utility Pole/Light Support,0,The First Harmful Event was Not a Collision with a Motor Vehicle in Transport,0,No,3,Intersection-Related,3,T-Intersection,4,On Roadside,0,None,1,Daylight,1,Clear,0,No,0000000,Not Applicable,3,3:00am-3:59am,41,41,3,3:00am-3:59am,41,41,88,Not Applicable (Not Transported),88,Not Applicable (Not Transported),1
21,Kentucky,210251,0,0,1,1,0,1,1,35,CALLOWAY (35),0,NOT APPLICABLE,6,June,13,13,2,Monday,2022,23,11:00pm-11:59pm,9,9,CR-POOR FARM RD,NA,4,County Road,1,Rural,7,Local,1,State Highway Agency,0,This section IS NOT on the NHS,0,No Special Jurisdiction,9,9,36.64622778,36.64622778,-88.33150278,-88.33150278,42,Tree (Standing Only),0,The First Harmful Event was Not a Collision with a Motor Vehicle in Transport,0,No,1,Non-Junction,1,Not an Intersection,4,On Roadside,0,None,2,Dark - Not Lighted,1,Clear,0,No,0000000,Not Applicable,23,11:00pm-11:59pm,12,12,23,11:00pm-11:59pm,19,19,88,Not Applicable (Not Transported),88,Not Applicable (Not Transported),1
21,Kentucky,210252,0,0,2,2,0,2,2,151,MADISON (151),0,NOT APPLICABLE,6,June,14,14,3,Tuesday,2022,7,7:00am-7:59am,41,41,US-421 BATTLEFIELD MEMORIAL HW,NA,2,US Highway,1,Rural,4,Minor Arterial,1,State Highway Agency,0,This section IS NOT on the NHS,0,No Special Jurisdiction,35,35,37.57123056,37.57123056,-84.20585833,-84.20585833,12,Motor Vehicle In-Transport,6,Angle,0,No,1,Non-Junction,1,Not an Intersection,1,On Roadway,0,None,1,Daylight,1,Clear,0,No,0000000,Not Applicable,7,7:00am-7:59am,41,41,7,7:00am-7:59am,41,41,8,8:00am-8:59am,9,9,1
21,Kentucky,210253,0,0,2,2,0,2,2,67,FAYETTE (67),1980,LEXINGTON-FAYETTE,6,June,15,15,4,Wednesday,2022,2,2:00am-2:59am,45,45,SR-4 NEW CIRCLE RD,NA,3,State Highway,2,Urban,2,Principal Arterial - Other Freeways and Expressways,1,State Highway Agency,1,This section IS ON the NHS,0,No Special Jurisdiction,192,192,37.99607222,37.99607222,-84.52108333,-84.52108333,12,Motor Vehicle In-Transport,6,Angle,1,Yes,18,Through Roadway,1,Not an Intersection,1,On Roadway,0,None,3,Dark - Lighted,1,Clear,0,No,0000000,Not Applicable,2,2:00am-2:59am,52,52,3,3:00am-3:59am,4,4,3,3:00am-3:59am,15,15,1
21,Kentucky,210254,0,0,1,1,0,2,2,237,WOLFE (237),0,NOT APPLICABLE,6,June,16,16,5,Thursday,2022,11,11:00am-11:59am,30,30,SR-746,NA,3,State Highway,1,Rural,6,Minor Collector,1,State Highway Agency,0,This section IS NOT on the NHS,0,No Special Jurisdiction,6,6,37.75079444,37.75079444,-83.52434444,-83.52434444,5,Fell/Jumped from Vehicle,0,The First Harmful Event was Not a Collision with a Motor Vehicle in Transport,0,No,1,Non-Junction,1,Not an Intersection,1,On Roadway,0,None,1,Daylight,1,Clear,0,No,0000000,Not Applicable,11,11:00am-11:59am,17,17,11,11:00am-11:59am,28,28,11,11:00am-11:59am,45,45,1
21,Kentucky,210255,0,0,1,1,0,1,1,117,KENTON (117),0,NOT APPLICABLE,6,June,14,14,3,Tuesday,2022,20,8:00pm-8:59pm,32,32,US-25 DIXIE HWY,PARK AVE,2,US Highway,2,Urban,4,Minor Arterial,1,State Highway Agency,0,This section IS NOT on the NHS,0,No Special Jurisdiction,50,50,39.00668333,39.00668333,-84.61377778,-84.61377778,1,Rollover/Overturn,0,The First Harmful Event was Not a Collision with a Motor Vehicle in Transport,0,No,3,Intersection-Related,3,T-Intersection,4,On Roadside,0,None,1,Daylight,1,Clear,0,No,0000000,Not Applicable,20,8:00pm-8:59pm,33,33,20,8:00pm-8:59pm,36,36,20,8:00pm-8:59pm,46,46,1
21,Kentucky,210256,1,1,1,1,0,1,1,67,FAYETTE (67),1980,LEXINGTON-FAYETTE,6,June,18,18,7,Saturday,2022,17,5:00pm-5:59pm,47,47,US-60 WINCHESTER RD,NA,2,US Highway,2,Urban,3,Principal Arterial - Other,1,State Highway Agency,1,This section IS ON the NHS,0,No Special Jurisdiction,92,92,38.04172778,38.04172778,-84.47091944,-84.47091944,9,Pedalcyclist,0,The First Harmful Event was Not a Collision with a Motor Vehicle in Transport,0,No,1,Non-Junction,1,Not an Intersection,1,On Roadway,0,None,1,Daylight,1,Clear,0,No,0000000,Not Applicable,17,5:00pm-5:59pm,48,48,17,5:00pm-5:59pm,52,52,18,6:00pm-6:59pm,4,4,1
21,Kentucky,210257,0,0,1,1,0,4,4,43,CARTER (43),0,NOT APPLICABLE,6,June,18,18,7,Saturday,2022,20,8:00pm-8:59pm,54,54,SR-182 CARTER CAVES RD,NA,3,State Highway,1,Rural,6,Minor Collector,1,State Highway Agency,0,This section IS NOT on the NHS,0,No Special Jurisdiction,113,113,38.36881667,38.36881667,-83.10979444,-83.10979444,1,Rollover/Overturn,0,The First Harmful Event was Not a Collision with a Motor Vehicle in Transport,0,No,1,Non-Junction,1,Not an Intersection,4,On Roadside,0,None,1,Daylight,1,Clear,0,No,0000000,Not Applicable,20,8:00pm-8:59pm,53,53,21,9:00pm-9:59pm,4,4,22,10:00pm-10:59pm,21,21,3
21,Kentucky,210258,0,0,1,1,0,1,1,29,BULLITT (29),0,NOT APPLICABLE,6,June,17,17,6,Friday,2022,6,6:00am-6:59am,36,36,SR-1450 BLUE LICK RD,NA,3,State Highway,2,Urban,7,Local,1,State Highway Agency,0,This section IS NOT on the NHS,0,No Special Jurisdiction,13,13,38.05656389,38.05656389,-85.69802222,-85.69802222,31,"Post, Pole or Other Supports",0,The First Harmful Event was Not a Collision with a Motor Vehicle in Transport,0,No,1,Non-Junction,1,Not an Intersection,4,On Roadside,0,None,2,Dark - Not Lighted,1,Clear,0,No,0000000,Not Applicable,6,6:00am-6:59am,23,23,6,6:00am-6:59am,24,24,88,Not Applicable (Not Transported),88,Not Applicable (Not Transported),1
21,Kentucky,210259,0,0,1,1,0,1,1,179,NELSON (179),0,NOT APPLICABLE,6,June,7,7,3,Tuesday,2022,11,11:00am-11:59am,38,38,SR-52 NEW HOPE RD,NA,3,State Highway,1,Rural,5,Major Collector,1,State Highway Agency,0,This section IS NOT on the NHS,0,No Special Jurisdiction,155,155,37.64016111,37.64016111,-85.488775,-85.488775,42,Tree (Standing Only),0,The First Harmful Event was Not a Collision with a Motor Vehicle in Transport,0,No,1,Non-Junction,1,Not an Intersection,4,On Roadside,0,None,1,Daylight,1,Clear,0,No,0000000,Not Applicable,0,0:00am-0:59am,0,0,0,0:00am-0:59am,0,0,88,Not Applicable (Not Transported),88,Not Applicable (Not Transported),1
21,Kentucky,210260,0,0,1,1,0,2,2,193,PERRY (193),0,NOT APPLICABLE,6,June,3,3,6,Friday,2022,12,12:00pm-12:59pm,18,18,SR-1096 BIG CREEK RD,NA,3,State Highway,1,Rural,6,Minor Collector,1,State Highway Agency,0,This section IS NOT on the NHS,0,No Special Jurisdiction,21,21,37.21165833,37.21165833,-83.24219167,-83.24219167,52,Guardrail End,0,The First Harmful Event was Not a Collision with a Motor Vehicle in Transport,0,No,1,Non-Junction,1,Not an Intersection,4,On Roadside,0,None,1,Daylight,1,Clear,0,No,0000000,Not Applicable,12,12:00pm-12:59pm,18,18,12,12:00pm-12:59pm,33,33,88,Not Applicable (Not Transported),88,Not Applicable (Not Transported),2
21,Kentucky,210261,0,0,2,2,0,3,3,29,BULLITT (29),0,NOT APPLICABLE,6,June,2,2,5,Thursday,2022,20,8:00pm-8:59pm,8,8,SR-245 CLERMONT RD,HAPPY HOLLOW RD,3,State Highway,1,Rural,4,Minor Arterial,1,State Highway Agency,0,This section IS NOT on the NHS,0,No Special Jurisdiction,49,49,37.92454167,37.92454167,-85.65969167,-85.65969167,12,Motor Vehicle In-Transport,1,Front-to-Rear,0,No,3,Intersection-Related,3,T-Intersection,1,On Roadway,0,None,1,Daylight,1,Clear,0,No,0000000,Not Applicable,20,8:00pm-8:59pm,9,9,20,8:00pm-8:59pm,18,18,20,8:00pm-8:59pm,48,48,1