STATE,STATENAME,ST_CASE,PEDS,PERNOTMVIT,VE_TOTAL,VE_FORMS,PVH_INVL,PERSONS,PERMVIT,COUNTY,COUNTYNAME,CITY,CITYNAME,MONTH,MONTHNAME,DAY,DAYNAME,DAY_WEEK,DAY_WEEKNAME,YEAR,HOUR,HOURNAME,MINUTE,MINUTENAME,TWAY_ID,TWAY_ID2,ROUTE,ROUTENAME,RUR_URB,RUR_URBNAME,FUNC_SYS,FUNC_SYSNAME,RD_OWNER,RD_OWNERNAME,NHS,NHSNAME,SP_JUR,SP_JURNAME,MILEPT,MILEPTNAME,LATITUDE,LATITUDENAME,LONGITUD,LONGITUDNAME,HARM_EV,HARM_EVNAME,MAN_COLL,MAN_COLLNAME,RELJCT1,RELJCT1NAME,RELJCT2,RELJCT2NAME,TYP_INT,TYP_INTNAME,REL_ROAD,REL_ROADNAME,WRK_ZONE,WRK_ZONENAME,LGT_COND,LGT_CONDNAME,WEATHER,WEATHERNAME,SCH_BUS,SCH_BUSNAME,RAIL,RAILNAME,NOT_HOUR,NOT_HOURNAME,NOT_MIN,NOT_MINNAME,ARR_HOUR,ARR_HOURNAME,ARR_MIN,ARR_MINNAME,HOSP_HR,HOSP_HRNAME,HOSP_MN,HOSP_MNNAME,FATALS
21,Kentucky,210445,0,0,2,2,0,2,2,15,BOONE (15),0,NOT APPLICABLE,9,September,19,19,2,Monday,2022,8,8:00am-8:59am,12,12,SR-237 N BEND RD,NA,3,State Highway,2,Urban,3,Principal Arterial - Other,1,State Highway Agency,1,This section IS ON the NHS,0,No Special Jurisdiction,82,82,39.04991944,39.04991944,-84.70465278,-84.70465278,12,Motor Vehicle In-Transport,7,Sideswipe - Same Direction,0,No,1,Non-Junction,1,Not an Intersection,1,On Roadway,0,None,1,Daylight,10,Cloudy,0,No,0000000,Not Applicable,8,8:00am-8:59am,12,12,8,8:00am-8:59am,14,14,88,Not Applicable (Not Transported),88,Not Applicable (Not Transported),1
21,Kentucky,210446,0,0,2,2,0,3,3,111,JEFFERSON (111),2090,LOUISVILLE,9,September,19,19,2,Monday,2022,22,10:00pm-10:59pm,59,59,SR-1747 S HURSTBOURNE PKWY,NA,3,State Highway,2,Urban,3,Principal Arterial - Other,1,State Highway Agency,1,This section IS ON the NHS,0,No Special Jurisdiction,61,61,38.15900556,38.15900556,-85.62559167,-85.62559167,33,Curb,0,The First Harmful Event was Not a Collision with a Motor Vehicle in Transport,0,No,1,Non-Junction,1,Not an Intersection,3,On Median,0,None,2,Dark - Not Lighted,1,Clear,0,No,0000000,Not Applicable,23,11:00pm-11:59pm,1,1,23,11:00pm-11:59pm,6,6,88,Not Applicable (Not Transported),88,Not Applicable (Not Transported),1
21,Kentucky,210447,0,0,2,2,0,2,2,111,JEFFERSON (111),2090,LOUISVILLE,9,September,18,18,1,Sunday,2022,3,3:00am-3:59am,27,27,SR-1065 OUTER LOOP,NA,3,State Highway,2,Urban,4,Minor Arterial,1,State Highway Agency,0,This section IS NOT on the NHS,0,No Special Jurisdiction,47,47,38.13693333,38.13693333,-85.70944167,-85.70944167,12,Motor Vehicle In-Transport,6,Angle,1,Yes,5,Entrance/Exit Ramp Related,1,Not an Intersection,1,On Roadway,0,None,3,Dark - Lighted,1,Clear,0,No,0000000,Not Applicable,3,3:00am-3:59am,27,27,3,3:00am-3:59am,33,33,4,4:00am-4:59am,18,18,1
21,Kentucky,210448,0,0,1,1,0,1,1,151,MADISON (151),0,NOT APPLICABLE,9,September,20,20,3,Tuesday,2022,13,1:00pm-1:59pm,36,36,SR-627 BOONESBOROUGH RD,NA,3,State Highway,1,Rural,3,Principal Arterial - Other,1,State Highway Agency,1,This section IS ON the NHS,0,No Special Jurisdiction,42,42,37.88502778,37.88502778,-84.28684722,-84.28684722,32,Culvert,0,The First Harmful Event was Not a Collision with a Motor Vehicle in Transport,0,No,1,Non-Junction,1,Not an Intersection,4,On Roadside,0,None,1,Daylight,1,Clear,0,No,0000000,Not Applicable,13,1:00pm-1:59pm,38,38,13,1:00pm-1:59pm,43,43,88,Not Applicable (Not Transported),88,Not Applicable (Not Transported),1
21,Kentucky,210449,0,0,2,2,0,6,6,9,BARREN (9),0,NOT APPLICABLE,9,September,20,20,3,Tuesday,2022,20,8:00pm-8:59pm,2,2,SR-90 HAPPY VALLEY RD,NA,3,State Highway,1,Rural,4,Minor Arterial,1,State Highway Agency,0,This section IS NOT on the NHS,0,No Special Jurisdiction,27,27,37.10324722,37.10324722,-85.97233611,-85.97233611,12,Motor Vehicle In-Transport,2,Front-to-Front,0,No,1,Non-Junction,1,Not an Intersection,1,On Roadway,0,None,2,Dark - Not Lighted,1,Clear,0,No,0000000,Not Applicable,20,8:00pm-8:59pm,2,2,20,8:00pm-8:59pm,5,5,20,8:00pm-8:59pm,27,27,3
21,Kentucky,210450,0,0,1,1,0,1,1,99,HART (99),0,NOT APPLICABLE,9,September,21,21,4,Wednesday,2022,13,1:00pm-1:59pm,53,53,US-31 DIXIE HWY,NA,2,US Highway,1,Rural,4,Minor Arterial,1,State Highway Agency,0,This section IS NOT on the NHS,0,No Special Jurisdiction,150,150,37.33295278,37.33295278,-85.90866667,-85.90866667,42,Tree (Standing Only),0,The First Harmful Event was Not a Collision with a Motor Vehicle in Transport,0,No,1,Non-Junction,1,Not an Intersection,4,On Roadside,0,None,1,Daylight,1,Clear,0,No,0000000,Not Applicable,13,1:00pm-1:59pm,54,54,14,2:00pm-2:59pm,1,1,88,Not Applicable (Not Transported),88,Not Applicable (Not Transported),1
21,Kentucky,210451,0,0,2,2,0,2,2,177,MUHLENBERG (177),1360,GREENVILLE,9,September,2,2,6,Friday,2022,0,0:00am-0:59am,20,20,US-62 HOPKINSVILLE ST,NA,2,US Highway,2,Urban,4,Minor Arterial,1,State Highway Agency,0,This section IS NOT on the NHS,0,No Special Jurisdiction,96,96,37.19683611,37.19683611,-87.19021389,-87.19021389,12,Motor Vehicle In-Transport,6,Angle,0,No,1,Non-Junction,1,Not an Intersection,1,On Roadway,0,None,3,Dark - Lighted,1,Clear,0,No,0000000,Not Applicable,0,0:00am-0:59am,21,21,0,0:00am-0:59am,33,33,0,0:00am-0:59am,33,33,1
21,Kentucky,210452,0,0,1,1,0,2,2,105,HICKMAN (105),0,NOT APPLICABLE,9,September,7,7,4,Wednesday,2022,20,8:00pm-8:59pm,50,50,SR-123,NA,3,State Highway,1,Rural,6,Minor Collector,1,State Highway Agency,0,This section IS NOT on the NHS,0,No Special Jurisdiction,31,31,36.68518611,36.68518611,-88.92373611,-88.92373611,34,Ditch,0,The First Harmful Event was Not a Collision with a Motor Vehicle in Transport,0,No,1,Non-Junction,1,Not an Intersection,4,On Roadside,0,None,2,Dark - Not Lighted,1,Clear,0,No,0000000,Not Applicable,20,8:00pm-8:59pm,51,51,21,9:00pm-9:59pm,5,5,88,Not Applicable (Not Transported),88,Not Applicable (Not Transported),1
21,Kentucky,210453,0,0,1,1,0,1,1,107,HOPKINS (107),0,NOT APPLICABLE,9,September,12,12,2,Monday,2022,10,10:00am-10:59am,44,44,SR-70 BEULAH RD,NA,3,State Highway,1,Rural,6,Minor Collector,1,State Highway Agency,0,This section IS NOT on the NHS,0,No Special Jurisdiction,5,5,37.27588333,37.27588333,-87.79048889,-87.79048889,93,Unknown Fixed Object,0,The First Harmful Event was Not a Collision with a Motor Vehicle in Transport,0,No,1,Non-Junction,1,Not an Intersection,4,On Roadside,0,None,1,Daylight,1,Clear,0,No,0000000,Not Applicable,10,10:00am-10:59am,48,48,11,11:00am-11:59am,12,12,11,11:00am-11:59am,46,46,1
21,Kentucky,210454,0,0,1,1,0,1,1,31,BUTLER (31),0,NOT APPLICABLE,9,September,13,13,3,Tuesday,2022,14,2:00pm-2:59pm,11,11,US-231 BEAVER DAM RD,SR-9007,2,US Highway,1,Rural,1,Interstate,1,State Highway Agency,1,This section IS ON the NHS,0,No Special Jurisdiction,0,None,37.29867778,37.29867778,-86.73740833,-86.73740833,38,Fence,0,The First Harmful Event was Not a Collision with a Motor Vehicle in Transport,1,Yes,3,Intersection-Related,3,T-Intersection,8,Gore,0,None,1,Daylight,1,Clear,0,No,0000000,Not Applicable,14,2:00pm-2:59pm,11,11,14,2:00pm-2:59pm,18,18,88,Not Applicable (Not Transported),88,Not Applicable (Not Transported),1
21,Kentucky,210455,0,0,1,1,0,1,1,103,HENRY (103),0,NOT APPLICABLE,9,September,14,14,4,Wednesday,2022,17,5:00pm-5:59pm,59,59,SR-202 DRENNON RD,NA,3,State Highway,1,Rural,6,Minor Collector,1,State Highway Agency,0,This section IS NOT on the NHS,0,No Special Jurisdiction,96,96,38.51263056,38.51263056,-85.03727778,-85.03727778,93,Unknown Fixed Object,0,The First Harmful Event was Not a Collision with a Motor Vehicle in Transport,0,No,1,Non-Junction,1,Not an Intersection,4,On Roadside,0,None,1,Daylight,1,Clear,0,No,0000000,Not Applicable,18,6:00pm-6:59pm,1,1,18,6:00pm-6:59pm,17,17,88,Not Applicable (Not Transported),88,Not Applicable (Not Transported),1
21,Kentucky,210456,0,0,1,1,0,1,1,225,UNION (225),3310,UNIONTOWN,9,September,16,16,6,Friday,2022,13,1:00pm-1:59pm,20,20,SR-130 MILL ST,NA,3,State Highway,1,Rural,5,Major Collector,1,State Highway Agency,0,This section IS NOT on the NHS,0,No Special Jurisdiction,157,157,37.77119722,37.77119722,-87.93856944,-87.93856944,43,Other Fixed Object,0,The First Harmful Event was Not a Collision with a Motor Vehicle in Transport,0,No,1,Non-Junction,1,Not an Intersection,4,On Roadside,0,None,1,Daylight,1,Clear,0,No,0000000,Not Applicable,13,1:00pm-1:59pm,22,22,13,1:00pm-1:59pm,31,31,88,Not Applicable (Not Transported),88,Not Applicable (Not Transported),1
21,Kentucky,210457,0,0,3,3,0,3,3,101,HENDERSON (101),0,NOT APPLICABLE,9,September,22,22,5,Thursday,2022,11,11:00am-11:59am,31,31,US-41,NA,2,US Highway,2,Urban,3,Principal Arterial - Other,1,State Highway Agency,1,This section IS ON the NHS,0,No Special Jurisdiction,209,209,37.92044722,37.92044722,-87.54918889,-87.54918889,24,Guardrail Face,0,The First Harmful Event was Not a Collision with a Motor Vehicle in Transport,1,Yes,19,Other location within Interchange Area,1,Not an Intersection,4,On Roadside,0,None,1,Daylight,1,Clear,0,No,0000000,Not Applicable,11,11:00am-11:59am,32,32,11,11:00am-11:59am,32,32,11,11:00am-11:59am,32,32,1
21,Kentucky,210458,0,0,2,2,0,2,2,217,TAYLOR (217),0,NOT APPLICABLE,9,September,23,23,6,Friday,2022,7,7:00am-7:59am,18,18,SR-323 BENGAL RD,NA,3,State Highway,1,Rural,6,Minor Collector,1,State Highway Agency,0,This section IS NOT on the NHS,0,No Special Jurisdiction,50,50,37.35153333,37.35153333,-85.40048056,-85.40048056,12,Motor Vehicle In-Transport,1,Front-to-Rear,0,No,8,Driveway Access Related,1,Not an Intersection,1,On Roadway,0,None,1,Daylight,1,Clear,0,No,0000000,Not Applicable,7,7:00am-7:59am,53,53,8,8:00am-8:59am,2,2,88,Not Applicable (Not Transported),88,Not Applicable (Not Transported),1
21,Kentucky,210459,0,0,1,1,0,1,1,173,MONTGOMERY (173),1741,JEFFERSONVILLE,9,September,24,24,7,Saturday,2022,17,5:00pm-5:59pm,1,1,US-460 MAIN ST,NA,2,US Highway,1,Rural,4,Minor Arterial,1,State Highway Agency,0,This section IS NOT on the NHS,0,No Special Jurisdiction,203,203,37.96310833,37.96310833,-83.80077778,-83.80077778,35,Embankment,0,The First Harmful Event was Not a Collision with a Motor Vehicle in Transport,0,No,1,Non-Junction,1,Not an Intersection,4,On Roadside,0,None,1,Daylight,1,Clear,0,No,0000000,Not Applicable,17,5:00pm-5:59pm,2,2,17,5:00pm-5:59pm,16,16,88,Not Applicable (Not Transported),88,Not Applicable (Not Transported),1
21,Kentucky,210460,0,0,2,2,0,2,2,111,JEFFERSON (111),2090,LOUISVILLE,9,September,25,25,1,Sunday,2022,19,7:00pm-7:59pm,50,50,SR-1865 NEW CUT RD,NA,3,State Highway,2,Urban,3,Principal Arterial - Other,1,State Highway Agency,1,This section IS ON the NHS,0,No Special Jurisdiction,22,22,38.13923333,38.13923333,-85.77388056,-85.77388056,12,Motor Vehicle In-Transport,6,Angle,0,No,4,Driveway Access,1,Not an Intersection,1,On Roadway,0,None,3,Dark - Lighted,1,Clear,0,No,0000000,Not Applicable,19,7:00pm-7:59pm,51,51,19,7:00pm-7:59pm,57,57,20,8:00pm-8:59pm,41,41,1
21,Kentucky,210461,0,0,2,2,0,3,3,195,PIKE (195),1010,ELKHORN CITY,9,September,26,26,2,Monday,2022,7,7:00am-7:59am,59,59,SR-197 W RUSSEL ST,NA,3,State Highway,1,Rural,5,Major Collector,1,State Highway Agency,0,This section IS NOT on the NHS,0,No Special Jurisdiction,162,162,37.29914444,37.29914444,-82.35489722,-82.35489722,12,Motor Vehicle In-Transport,8,Sideswipe - Opposite Direction,0,No,1,Non-Junction,1,Not an Intersection,1,On Roadway,0,None,1,Daylight,1,Clear,1,Yes,0000000,Not Applicable,8,8:00am-8:59am,30,30,8,8:00am-8:59am,56,56,88,Not Applicable (Not Transported),88,Not Applicable (Not Transported),1
21,Kentucky,210462,0,0,2,2,0,2,2,71,FLOYD (71),2670,PRESTONSBURG,9,September,26,26,2,Monday,2022,10,10:00am-10:59am,24,24,US-23,SR-1428 UNIVERSITY DR,2,US Highway,1,Rural,3,Principal Arterial - Other,1,State Highway Agency,1,This section IS ON the NHS,0,No Special Jurisdiction,178,178,37.68663611,37.68663611,-82.78983333,-82.78983333,12,Motor Vehicle In-Transport,6,Angle,0,No,2,Intersection,3,T-Intersection,1,On Roadway,0,None,1,Daylight,1,Clear,0,No,0000000,Not Applicable,10,10:00am-10:59am,32,32,10,10:00am-10:59am,36,36,10,10:00am-10:59am,58,58,1
21,Kentucky,210463,0,0,2,2,0,4,4,207,RUSSELL (207),0,NOT APPLICABLE,9,September,26,26,2,Monday,2022,17,5:00pm-5:59pm,18,18,SR-80,FOLEY DR,3,State Highway,1,Rural,5,Major Collector,1,State Highway Agency,0,This section IS NOT on the NHS,0,No Special Jurisdiction,50,50,37.07179444,37.07179444,-85.05384722,-85.05384722,12,Motor Vehicle In-Transport,6,Angle,0,No,2,Intersection,3,T-Intersection,1,On Roadway,0,None,1,Daylight,1,Clear,0,No,0000000,Not Applicable,17,5:00pm-5:59pm,12,12,17,5:00pm-5:59pm,20,20,17,5:00pm-5:59pm,58,58,1
21,Kentucky,210465,1,1,1,1,0,1,1,111,JEFFERSON (111),2090,LOUISVILLE,9,September,24,24,7,Saturday,2022,7,7:00am-7:59am,7,7,SR-1747 HURTBOURNE PKWY,NA,3,State Highway,2,Urban,3,Principal Arterial - Other,1,State Highway Agency,1,This section IS ON the NHS,0,No Special Jurisdiction,73,73,38.166425,38.166425,-85.60682222,-85.60682222,8,Pedestrian,0,The First Harmful Event was Not a Collision with a Motor Vehicle in Transport,0,No,1,Non-Junction,1,Not an Intersection,1,On Roadway,0,None,4,Dawn,1,Clear,0,No,0000000,Not Applicable,7,7:00am-7:59am,11,11,7,7:00am-7:59am,15,15,8,8:00am-8:59am,6,6,1
21,Kentucky,210466,0,0,3,3,0,3,3,81,GRANT (81),0,NOT APPLICABLE,9,September,27,27,3,Tuesday,2022,16,4:00pm-4:59pm,34,34,SR-330 CORNITH RD,NA,3,State Highway,1,Rural,6,Minor Collector,1,State Highway Agency,0,This section IS NOT on the NHS,0,No Special Jurisdiction,40,40,38.50237778,38.50237778,-84.55218889,-84.55218889,12,Motor Vehicle In-Transport,8,Sideswipe - Opposite Direction,0,No,1,Non-Junction,1,Not an Intersection,1,On Roadway,0,None,1,Daylight,1,Clear,0,No,0000000,Not Applicable,16,4:00pm-4:59pm,38,38,16,4:00pm-4:59pm,48,48,0,0:00am-0:59am,0,0,1
21,Kentucky,210468,0,0,1,1,0,1,1,59,DAVIESS (59),0,NOT APPLICABLE,9,September,17,17,7,Saturday,2022,19,7:00pm-7:59pm,20,20,SR-657,NA,3,State Highway,1,Rural,6,Minor Collector,1,State Highway Agency,0,This section IS NOT on the NHS,0,No Special Jurisdiction,6,6,37.82980833,37.82980833,-86.90040556,-86.90040556,93,Unknown Fixed Object,0,The First Harmful Event was Not a Collision with a Motor Vehicle in Transport,0,No,1,Non-Junction,1,Not an Intersection,4,On Roadside,0,None,2,Dark - Not Lighted,1,Clear,0,No,0000000,Not Applicable,19,7:00pm-7:59pm,20,20,19,7:00pm-7:59pm,36,36,20,8:00pm-8:59pm,8,8,1
21,Kentucky,210469,0,0,3,3,0,4,4,111,JEFFERSON (111),2090,LOUISVILLE,9,September,23,23,6,Friday,2022,7,7:00am-7:59am,2,2,I-65,NA,1,Interstate,2,Urban,1,Interstate,1,State Highway Agency,1,This section IS ON the NHS,0,No Special Jurisdiction,1253,1253,38.11704722,38.11704722,-85.70182222,-85.70182222,12,Motor Vehicle In-Transport,9,Rear-to-Side,1,Yes,18,Through Roadway,1,Not an Intersection,1,On Roadway,0,None,4,Dawn,10,Cloudy,0,No,0000000,Not Applicable,7,7:00am-7:59am,12,12,7,7:00am-7:59am,24,24,7,7:00am-7:59am,58,58,1
21,Kentucky,210470,1,1,1,1,0,1,1,135,LEWIS (135),3279,TOLLESBORO,9,September,29,29,5,Thursday,2022,8,8:00am-8:59am,48,48,SR-9,NA,3,State Highway,1,Rural,3,Principal Arterial - Other,1,State Highway Agency,1,This section IS ON the NHS,0,No Special Jurisdiction,281,281,38.55275833,38.55275833,-83.58066667,-83.58066667,8,Pedestrian,0,The First Harmful Event was Not a Collision with a Motor Vehicle in Transport,0,No,1,Non-Junction,1,Not an Intersection,2,On Shoulder,1,Construction,1,Daylight,10,Cloudy,0,No,0000000,Not Applicable,8,8:00am-8:59am,42,42,8,8:00am-8:59am,55,55,9,9:00am-9:59am,31,31,1
21,Kentucky,210471,0,0,3,3,0,4,4,159,MARTIN (159),1680,INEZ,9,September,25,25,1,Sunday,2022,10,10:00am-10:59am,20,20,SR-40 BLACKLOG RD,NA,3,State Highway,1,Rural,4,Minor Arterial,1,State Highway Agency,0,This section IS NOT on the NHS,0,No Special Jurisdiction,131,131,37.84691111,37.84691111,-82.50184167,-82.50184167,12,Motor Vehicle In-Transport,2,Front-to-Front,0,No,1,Non-Junction,1,Not an Intersection,1,On Roadway,0,None,1,Daylight,10,Cloudy,0,No,0000000,Not Applicable,0,0:00am-0:59am,0,0,0,0:00am-0:59am,0,0,0,0:00am-0:59am,0,0,1
21,Kentucky,210472,0,0,2,2,0,3,3,37,CAMPBELL (37),3560,WILDER,9,September,27,27,3,Tuesday,2022,12,12:00pm-12:59pm,53,53,SR-9 LICKING PIKE,NA,3,State Highway,2,Urban,4,Minor Arterial,1,State Highway Agency,0,This section IS NOT on the NHS,0,No Special Jurisdiction,211,211,39.06867778,39.06867778,-84.48873611,-84.48873611,12,Motor Vehicle In-Transport,6,Angle,0,No,1,Non-Junction,1,Not an Intersection,1,On Roadway,0,None,1,Daylight,1,Clear,0,No,0000000,Not Applicable,12,12:00pm-12:59pm,53,53,12,12:00pm-12:59pm,59,59,13,1:00pm-1:59pm,16,16,1
21,Kentucky,210473,0,0,1,1,0,2,2,223,TRIMBLE (223),0,NOT APPLICABLE,9,September,30,30,6,Friday,2022,0,0:00am-0:59am,33,33,SR-36,NA,3,State Highway,1,Rural,5,Major Collector,1,State Highway Agency,0,This section IS NOT on the NHS,0,No Special Jurisdiction,10,10,38.72508333,38.72508333,-85.35211944,-85.35211944,35,Embankment,0,The First Harmful Event was Not a Collision with a Motor Vehicle in Transport,0,No,1,Non-Junction,1,Not an Intersection,4,On Roadside,0,None,2,Dark - Not Lighted,1,Clear,0,No,0000000,Not Applicable,0,0:00am-0:59am,36,36,0,0:00am-0:59am,50,50,1,1:00am-1:59am,17,17,1
21,Kentucky,210474,0,0,1,1,0,1,1,67,FAYETTE (67),1980,LEXINGTON-FAYETTE,9,September,30,30,6,Friday,2022,17,5:00pm-5:59pm,5,5,SR-1876 GREENWICH PIKE,NA,3,State Highway,1,Rural,6,Minor Collector,1,State Highway Agency,0,This section IS NOT on the NHS,0,No Special Jurisdiction,10,10,38.15768056,38.15768056,-84.39728333,-84.39728333,42,Tree (Standing Only),0,The First Harmful Event was Not a Collision with a Motor Vehicle in Transport,0,No,1,Non-Junction,1,Not an Intersection,4,On Roadside,0,None,1,Daylight,1,Clear,0,No,0000000,Not Applicable,17,5:00pm-5:59pm,7,7,17,5:00pm-5:59pm,27,27,88,Not Applicable (Not Transported),88,Not Applicable (Not Transported),1
21,Kentucky,210475,1,1,1,1,0,2,2,193,PERRY (193),0,NOT APPLICABLE,9,September,24,24,7,Saturday,2022,23,11:00pm-11:59pm,0,0,SR-9006,NA,3,State Highway,1,Rural,3,Principal Arterial - Other,1,State Highway Agency,1,This section IS ON the NHS,0,No Special Jurisdiction,575,575,37.27184167,37.27184167,-83.23820833,-83.23820833,8,Pedestrian,0,The First Harmful Event was Not a Collision with a Motor Vehicle in Transport,0,No,1,Non-Junction,1,Not an Intersection,1,On Roadway,0,None,2,Dark - Not Lighted,1,Clear,0,No,0000000,Not Applicable,22,10:00pm-10:59pm,50,50,22,10:00pm-10:59pm,55,55,23,11:00pm-11:59pm,5,5,1
21,Kentucky,210476,2,2,1,1,0,4,4,145,MCCRACKEN (145),0,NOT APPLICABLE,9,September,28,28,4,Wednesday,2022,19,7:00pm-7:59pm,16,16,SR-994 OLD MAYFIELD RD,NA,3,State Highway,1,Rural,5,Major Collector,1,State Highway Agency,0,This section IS NOT on the NHS,0,No Special Jurisdiction,62,62,37.02515833,37.02515833,-88.62988056,-88.62988056,8,Pedestrian,0,The First Harmful Event was Not a Collision with a Motor Vehicle in Transport,0,No,1,Non-Junction,1,Not an Intersection,1,On Roadway,0,None,2,Dark - Not Lighted,1,Clear,0,No,0000000,Not Applicable,19,7:00pm-7:59pm,17,17,19,7:00pm-7:59pm,23,23,19,7:00pm-7:59pm,45,45,2
21,Kentucky,210477,0,0,1,1,0,1,1,47,CHRISTIAN (47),0,NOT APPLICABLE,9,September,29,29,5,Thursday,2022,8,8:00am-8:59am,0,0,SR-9004,NA,3,State Highway,1,Rural,3,Principal Arterial - Other,1,State Highway Agency,1,This section IS ON the NHS,0,No Special Jurisdiction,233,233,37.05991944,37.05991944,-87.46599444,-87.46599444,35,Embankment,0,The First Harmful Event was Not a Collision with a Motor Vehicle in Transport,0,No,1,Non-Junction,1,Not an Intersection,4,On Roadside,0,None,1,Daylight,1,Clear,0,No,0000000,Not Applicable,8,8:00am-8:59am,1,1,8,8:00am-8:59am,19,19,8,8:00am-8:59am,19,19,1
21,Kentucky,210478,0,0,1,1,0,1,1,47,CHRISTIAN (47),0,NOT APPLICABLE,9,September,30,30,6,Friday,2022,13,1:00pm-1:59pm,56,56,CR-CARTER RD,NA,4,County Road,1,Rural,7,Local,2,County Highway Agency,0,This section IS NOT on the NHS,0,No Special Jurisdiction,21,21,36.65163611,36.65163611,-87.37775833,-87.37775833,24,Guardrail Face,0,The First Harmful Event was Not a Collision with a Motor Vehicle in Transport,0,No,1,Non-Junction,1,Not an Intersection,4,On Roadside,0,None,1,Daylight,1,Clear,0,No,0000000,Not Applicable,14,2:00pm-2:59pm,0,0,14,2:00pm-2:59pm,6,6,88,Not Applicable (Not Transported),88,Not Applicable (Not Transported),1
21,Kentucky,210479,0,0,1,1,0,1,1,51,CLAY (51),0,NOT APPLICABLE,9,September,9,9,6,Friday,2022,7,7:00am-7:59am,7,7,US-421,NA,2,US Highway,1,Rural,5,Major Collector,1,State Highway Agency,0,This section IS NOT on the NHS,0,No Special Jurisdiction,107,107,37.08892778,37.08892778,-83.69105833,-83.69105833,32,Culvert,0,The First Harmful Event was Not a Collision with a Motor Vehicle in Transport,0,No,1,Non-Junction,1,Not an Intersection,4,On Roadside,0,None,1,Daylight,1,Clear,0,No,0000000,Not Applicable,7,7:00am-7:59am,16,16,7,7:00am-7:59am,46,46,88,Not Applicable (Not Transported),88,Not Applicable (Not Transported),1
21,Kentucky,210480,0,0,2,2,0,4,4,67,FAYETTE (67),1980,LEXINGTON-FAYETTE,9,September,29,29,5,Thursday,2022,13,1:00pm-1:59pm,50,50,US-68 HARRODSBURG RD,BURBANK DR,2,US Highway,2,Urban,3,Principal Arterial - Other,1,State Highway Agency,1,This section IS ON the NHS,0,No Special Jurisdiction,35,35,38.019475,38.019475,-84.54574167,-84.54574167,12,Motor Vehicle In-Transport,6,Angle,0,No,2,Intersection,2,Four-Way Intersection,1,On Roadway,0,None,1,Daylight,10,Cloudy,0,No,0000000,Not Applicable,13,1:00pm-1:59pm,51,51,14,2:00pm-2:59pm,1,1,14,2:00pm-2:59pm,9,9,1
21,Kentucky,210481,1,1,1,1,0,1,1,199,PULASKI (199),2900,SCIENCE HILL,9,September,27,27,3,Tuesday,2022,20,8:00pm-8:59pm,17,17,US-27,N OLD NORWOOD RD,2,US Highway,2,Urban,3,Principal Arterial - Other,1,State Highway Agency,1,This section IS ON the NHS,0,No Special Jurisdiction,214,214,37.15661667,37.15661667,-84.62935278,-84.62935278,8,Pedestrian,0,The First Harmful Event was Not a Collision with a Motor Vehicle in Transport,0,No,3,Intersection-Related,2,Four-Way Intersection,1,On Roadway,0,None,2,Dark - Not Lighted,1,Clear,0,No,0000000,Not Applicable,20,8:00pm-8:59pm,18,18,20,8:00pm-8:59pm,25,25,88,Not Applicable (Not Transported),88,Not Applicable (Not Transported),1
21,Kentucky,210482,0,0,2,2,0,2,2,145,MCCRACKEN (145),2520,PADUCAH,9,September,8,8,5,Thursday,2022,15,3:00pm-3:59pm,40,40,US-45,NA,2,US Highway,2,Urban,3,Principal Arterial - Other,1,State Highway Agency,1,This section IS ON the NHS,0,No Special Jurisdiction,43,43,37.09828056,37.09828056,-88.63036111,-88.63036111,12,Motor Vehicle In-Transport,6,Angle,0,No,8,Driveway Access Related,1,Not an Intersection,1,On Roadway,0,None,1,Daylight,1,Clear,0,No,0000000,Not Applicable,15,3:00pm-3:59pm,41,41,15,3:00pm-3:59pm,57,57,16,4:00pm-4:59pm,10,10,1
21,Kentucky,210483,0,0,1,1,0,1,1,95,HARLAN (95),397,BROOKSIDE,8,August,9,9,3,Tuesday,2022,15,3:00pm-3:59pm,54,54,SR-38,NA,3,State Highway,2,Urban,6,Minor Collector,1,State Highway Agency,0,This section IS NOT on the NHS,0,No Special Jurisdiction,44,44,36.85815556,36.85815556,-83.25677222,-83.25677222,34,Ditch,0,The First Harmful Event was Not a Collision with a Motor Vehicle in Transport,0,No,1,Non-Junction,1,Not an Intersection,4,On Roadside,0,None,1,Daylight,2,Rain,0,No,0000000,Not Applicable,15,3:00pm-3:59pm,54,54,16,4:00pm-4:59pm,1,1,88,Not Applicable (Not Transported),88,Not Applicable (Not Transported),1