STATE,STATENAME,ST_CASE,PEDS,PERNOTMVIT,VE_TOTAL,VE_FORMS,PVH_INVL,PERSONS,PERMVIT,COUNTY,COUNTYNAME,CITY,CITYNAME,MONTH,MONTHNAME,DAY,DAYNAME,DAY_WEEK,DAY_WEEKNAME,YEAR,HOUR,HOURNAME,MINUTE,MINUTENAME,TWAY_ID,TWAY_ID2,ROUTE,ROUTENAME,RUR_URB,RUR_URBNAME,FUNC_SYS,FUNC_SYSNAME,RD_OWNER,RD_OWNERNAME,NHS,NHSNAME,SP_JUR,SP_JURNAME,MILEPT,MILEPTNAME,LATITUDE,LATITUDENAME,LONGITUD,LONGITUDNAME,HARM_EV,HARM_EVNAME,MAN_COLL,MAN_COLLNAME,RELJCT1,RELJCT1NAME,RELJCT2,RELJCT2NAME,TYP_INT,TYP_INTNAME,REL_ROAD,REL_ROADNAME,WRK_ZONE,WRK_ZONENAME,LGT_COND,LGT_CONDNAME,WEATHER,WEATHERNAME,SCH_BUS,SCH_BUSNAME,RAIL,RAILNAME,NOT_HOUR,NOT_HOURNAME,NOT_MIN,NOT_MINNAME,ARR_HOUR,ARR_HOURNAME,ARR_MIN,ARR_MINNAME,HOSP_HR,HOSP_HRNAME,HOSP_MN,HOSP_MNNAME,FATALS
21,Kentucky,210484,1,1,1,1,0,2,2,227,WARREN (227),350,BOWLING GREEN,8,August,11,11,5,Thursday,2022,13,1:00pm-1:59pm,14,14,OLD MORGANTOWN RD,SHARON DR,6,Local Street - Municipality,2,Urban,7,Local,4,City or Municipal Highway Agency,0,This section IS NOT on the NHS,0,No Special Jurisdiction,2,2,36.98954722,36.98954722,-86.47047222,-86.47047222,9,Pedalcyclist,0,The First Harmful Event was Not a Collision with a Motor Vehicle in Transport,0,No,2,Intersection,3,T-Intersection,1,On Roadway,0,None,1,Daylight,10,Cloudy,0,No,0000000,Not Applicable,13,1:00pm-1:59pm,14,14,13,1:00pm-1:59pm,18,18,13,1:00pm-1:59pm,34,34,1
21,Kentucky,210485,0,0,1,1,0,3,3,85,GRAYSON (85),0,NOT APPLICABLE,8,August,31,31,4,Wednesday,2022,17,5:00pm-5:59pm,7,7,SR-2766 CANEY CREEK RD,NA,3,State Highway,1,Rural,6,Minor Collector,1,State Highway Agency,0,This section IS NOT on the NHS,0,No Special Jurisdiction,44,44,37.40427222,37.40427222,-86.39954722,-86.39954722,51,Jackknife (harmful to this vehicle),0,The First Harmful Event was Not a Collision with a Motor Vehicle in Transport,0,No,1,Non-Junction,1,Not an Intersection,1,On Roadway,0,None,1,Daylight,1,Clear,0,No,0000000,Not Applicable,17,5:00pm-5:59pm,9,9,17,5:00pm-5:59pm,37,37,17,5:00pm-5:59pm,53,53,1
21,Kentucky,210486,0,0,2,2,0,3,3,111,JEFFERSON (111),2090,LOUISVILLE,8,August,26,26,6,Friday,2022,9,9:00am-9:59am,31,31,US-60A TAYLOR BLVD,US-60A BERRY BLVD,2,US Highway,2,Urban,4,Minor Arterial,1,State Highway Agency,0,This section IS NOT on the NHS,0,No Special Jurisdiction,14,14,38.19629722,38.19629722,-85.78294444,-85.78294444,12,Motor Vehicle In-Transport,6,Angle,0,No,2,Intersection,2,Four-Way Intersection,1,On Roadway,0,None,1,Daylight,1,Clear,0,No,0000000,Not Applicable,9,9:00am-9:59am,16,16,9,9:00am-9:59am,26,26,10,10:00am-10:59am,15,15,1
21,Kentucky,210487,0,0,1,1,0,1,1,71,FLOYD (71),3460,WEEKSBURY,9,September,7,7,4,Wednesday,2022,22,10:00pm-10:59pm,20,20,SR-466,NA,3,State Highway,1,Rural,7,Local,1,State Highway Agency,0,This section IS NOT on the NHS,0,No Special Jurisdiction,18,18,37.32402222,37.32402222,-82.69565278,-82.69565278,30,Utility Pole/Light Support,0,The First Harmful Event was Not a Collision with a Motor Vehicle in Transport,0,No,1,Non-Junction,1,Not an Intersection,4,On Roadside,0,None,2,Dark - Not Lighted,1,Clear,0,No,0000000,Not Applicable,22,10:00pm-10:59pm,23,23,99,Unknown EMS Scene Arrival Hour,99,Unknown EMS Scene Arrival Minutes,88,Not Applicable (Not Transported),88,Not Applicable (Not Transported),1
21,Kentucky,210488,2,2,2,1,1,1,1,25,BREATHITT (25),2057,LOST CREEK,9,September,12,12,2,Monday,2022,18,6:00pm-6:59pm,34,34,CR-UPPER RIVER CANEY RD,NA,4,County Road,1,Rural,7,Local,2,County Highway Agency,0,This section IS NOT on the NHS,0,No Special Jurisdiction,5,5,37.3898,37.3898,-83.33760278,-83.33760278,8,Pedestrian,0,The First Harmful Event was Not a Collision with a Motor Vehicle in Transport,0,No,1,Non-Junction,1,Not an Intersection,1,On Roadway,0,None,1,Daylight,1,Clear,0,No,0000000,Not Applicable,18,6:00pm-6:59pm,35,35,18,6:00pm-6:59pm,50,50,19,7:00pm-7:59pm,44,44,1
21,Kentucky,210489,0,0,2,2,0,2,2,93,HARDIN (93),1000,ELIZABETHTOWN,9,September,15,15,5,Thursday,2022,6,6:00am-6:59am,45,45,SR-3005 RING RD,NA,3,State Highway,2,Urban,4,Minor Arterial,1,State Highway Agency,0,This section IS NOT on the NHS,0,No Special Jurisdiction,37,37,37.69662778,37.69662778,-85.91004444,-85.91004444,1,Rollover/Overturn,0,The First Harmful Event was Not a Collision with a Motor Vehicle in Transport,0,No,8,Driveway Access Related,1,Not an Intersection,1,On Roadway,0,None,3,Dark - Lighted,1,Clear,0,No,0000000,Not Applicable,6,6:00am-6:59am,45,45,6,6:00am-6:59am,52,52,7,7:00am-7:59am,28,28,1
21,Kentucky,210490,0,0,3,3,0,3,3,157,MARSHALL (157),260,BENTON,9,September,26,26,2,Monday,2022,7,7:00am-7:59am,30,30,US-641,NA,2,US Highway,1,Rural,3,Principal Arterial - Other,1,State Highway Agency,1,This section IS ON the NHS,0,No Special Jurisdiction,27,27,36.84145,36.84145,-88.37656667,-88.37656667,12,Motor Vehicle In-Transport,1,Front-to-Rear,0,No,1,Non-Junction,1,Not an Intersection,1,On Roadway,0,None,1,Daylight,1,Clear,0,No,0000000,Not Applicable,7,7:00am-7:59am,33,33,7,7:00am-7:59am,41,41,7,7:00am-7:59am,53,53,1
21,Kentucky,210491,0,0,2,2,0,3,3,59,DAVIESS (59),2621,PHILPOT,3,March,13,13,1,Sunday,2022,14,2:00pm-2:59pm,10,10,SR-54,JACK HINTON RD,3,State Highway,1,Rural,5,Major Collector,1,State Highway Agency,0,This section IS NOT on the NHS,0,No Special Jurisdiction,80,80,37.73220556,37.73220556,-86.97965833,-86.97965833,12,Motor Vehicle In-Transport,6,Angle,0,No,2,Intersection,2,Four-Way Intersection,1,On Roadway,0,None,1,Daylight,1,Clear,0,No,0000000,Not Applicable,14,2:00pm-2:59pm,18,18,14,2:00pm-2:59pm,26,26,14,2:00pm-2:59pm,52,52,1
21,Kentucky,210492,0,0,1,1,0,1,1,165,MENIFEE (165),0,NOT APPLICABLE,6,June,2,2,5,Thursday,2022,6,6:00am-6:59am,0,0,CR-BIG SALT LICK RD,NA,4,County Road,1,Rural,7,Local,2,County Highway Agency,0,This section IS NOT on the NHS,0,No Special Jurisdiction,5,5,38.01491111,38.01491111,-83.64039167,-83.64039167,34,Ditch,0,The First Harmful Event was Not a Collision with a Motor Vehicle in Transport,0,No,1,Non-Junction,1,Not an Intersection,4,On Roadside,0,None,4,Dawn,10,Cloudy,0,No,0000000,Not Applicable,6,6:00am-6:59am,6,6,6,6:00am-6:59am,17,17,8,8:00am-8:59am,2,2,1
21,Kentucky,210493,0,0,1,1,0,1,1,197,POWELL (197),0,NOT APPLICABLE,8,August,20,20,7,Saturday,2022,10,10:00am-10:59am,42,42,SR-9000,NA,3,State Highway,1,Rural,3,Principal Arterial - Other,1,State Highway Agency,1,This section IS ON the NHS,0,No Special Jurisdiction,326,326,37.79761667,37.79761667,-83.70665556,-83.70665556,24,Guardrail Face,0,The First Harmful Event was Not a Collision with a Motor Vehicle in Transport,1,Yes,19,Other location within Interchange Area,1,Not an Intersection,3,On Median,0,None,1,Daylight,1,Clear,0,No,0000000,Not Applicable,10,10:00am-10:59am,40,40,10,10:00am-10:59am,48,48,88,Not Applicable (Not Transported),88,Not Applicable (Not Transported),1
21,Kentucky,210494,1,1,1,1,0,1,1,47,CHRISTIAN (47),1620,HOPKINSVILLE,8,August,29,29,2,Monday,2022,22,10:00pm-10:59pm,33,33,E 21ST STREET,CROFT STREET,6,Local Street - Municipality,2,Urban,7,Local,4,City or Municipal Highway Agency,0,This section IS NOT on the NHS,0,No Special Jurisdiction,0,None,36.85529167,36.85529167,-87.49267778,-87.49267778,8,Pedestrian,0,The First Harmful Event was Not a Collision with a Motor Vehicle in Transport,0,No,3,Intersection-Related,3,T-Intersection,1,On Roadway,0,None,3,Dark - Lighted,10,Cloudy,0,No,0000000,Not Applicable,22,10:00pm-10:59pm,38,38,22,10:00pm-10:59pm,45,45,23,11:00pm-11:59pm,0,0,1
21,Kentucky,210495,0,0,1,1,0,1,1,167,MERCER (167),0,NOT APPLICABLE,9,September,4,4,1,Sunday,2022,3,3:00am-3:59am,50,50,SR-152 BURGIN RD,NA,3,State Highway,1,Rural,5,Major Collector,1,State Highway Agency,0,This section IS NOT on the NHS,0,No Special Jurisdiction,119,119,37.75786111,37.75786111,-84.80578889,-84.80578889,30,Utility Pole/Light Support,0,The First Harmful Event was Not a Collision with a Motor Vehicle in Transport,0,No,1,Non-Junction,1,Not an Intersection,5,Outside Trafficway,0,None,2,Dark - Not Lighted,10,Cloudy,0,No,0000000,Not Applicable,3,3:00am-3:59am,58,58,4,4:00am-4:59am,7,7,88,Not Applicable (Not Transported),88,Not Applicable (Not Transported),1
21,Kentucky,210496,0,0,1,1,0,1,1,27,BRECKINRIDGE (27),0,NOT APPLICABLE,9,September,17,17,7,Saturday,2022,13,1:00pm-1:59pm,26,26,SR-86 LODIBURG RD,NA,3,State Highway,1,Rural,6,Minor Collector,1,State Highway Agency,0,This section IS NOT on the NHS,0,No Special Jurisdiction,151,151,37.79330833,37.79330833,-86.35793056,-86.35793056,1,Rollover/Overturn,0,The First Harmful Event was Not a Collision with a Motor Vehicle in Transport,0,No,1,Non-Junction,1,Not an Intersection,4,On Roadside,0,None,1,Daylight,1,Clear,0,No,0000000,Not Applicable,13,1:00pm-1:59pm,26,26,13,1:00pm-1:59pm,32,32,14,2:00pm-2:59pm,6,6,1
21,Kentucky,210497,0,0,1,1,0,1,1,125,LAUREL (125),0,NOT APPLICABLE,9,September,25,25,1,Sunday,2022,14,2:00pm-2:59pm,0,0,CR- SLATE LICK CHURCH RD,NA,4,County Road,1,Rural,7,Local,2,County Highway Agency,0,This section IS NOT on the NHS,0,No Special Jurisdiction,5,5,37.18960556,37.18960556,-84.05625833,-84.05625833,42,Tree (Standing Only),0,The First Harmful Event was Not a Collision with a Motor Vehicle in Transport,0,No,1,Non-Junction,1,Not an Intersection,4,On Roadside,0,None,1,Daylight,1,Clear,0,No,0000000,Not Applicable,14,2:00pm-2:59pm,0,0,14,2:00pm-2:59pm,24,24,14,2:00pm-2:59pm,55,55,1
21,Kentucky,210498,0,0,3,1,2,1,1,179,NELSON (179),170,BARDSTOWN,9,September,27,27,3,Tuesday,2022,19,7:00pm-7:59pm,55,55,ASHBERRY MANOR,NA,6,Local Street - Municipality,2,Urban,7,Local,4,City or Municipal Highway Agency,0,This section IS NOT on the NHS,0,No Special Jurisdiction,0,None,37.82730278,37.82730278,-85.45182778,-85.45182778,14,Parked Motor Vehicle,0,The First Harmful Event was Not a Collision with a Motor Vehicle in Transport,0,No,1,Non-Junction,1,Not an Intersection,5,Outside Trafficway,0,None,3,Dark - Lighted,1,Clear,0,No,0000000,Not Applicable,20,8:00pm-8:59pm,0,0,20,8:00pm-8:59pm,2,2,20,8:00pm-8:59pm,21,21,1
21,Kentucky,210499,0,0,1,1,0,1,1,185,OLDHAM (185),0,NOT APPLICABLE,10,October,2,2,1,Sunday,2022,9,9:00am-9:59am,7,7,US-42,NA,2,US Highway,1,Rural,4,Minor Arterial,1,State Highway Agency,0,This section IS NOT on the NHS,0,No Special Jurisdiction,139,139,38.46133333,38.46133333,-85.40340833,-85.40340833,35,Embankment,0,The First Harmful Event was Not a Collision with a Motor Vehicle in Transport,0,No,1,Non-Junction,1,Not an Intersection,4,On Roadside,0,None,1,Daylight,1,Clear,0,No,0000000,Not Applicable,9,9:00am-9:59am,11,11,9,9:00am-9:59am,29,29,9,9:00am-9:59am,46,46,1
21,Kentucky,210500,0,0,1,1,0,1,1,71,FLOYD (71),2129,MCDOWELL,10,October,2,2,1,Sunday,2022,16,4:00pm-4:59pm,41,41,SR-680,NA,3,State Highway,1,Rural,5,Major Collector,1,State Highway Agency,0,This section IS NOT on the NHS,0,No Special Jurisdiction,34,34,37.46985833,37.46985833,-82.77576389,-82.77576389,24,Guardrail Face,0,The First Harmful Event was Not a Collision with a Motor Vehicle in Transport,0,No,1,Non-Junction,1,Not an Intersection,4,On Roadside,0,None,1,Daylight,2,Rain,0,No,0000000,Not Applicable,16,4:00pm-4:59pm,47,47,16,4:00pm-4:59pm,56,56,17,5:00pm-5:59pm,13,13,1
21,Kentucky,210501,0,0,2,2,0,2,2,163,MEADE (163),2338,MULDRAUGH,10,October,3,3,2,Monday,2022,16,4:00pm-4:59pm,36,36,US-31 N DIXIE HWY,NA,2,US Highway,2,Urban,3,Principal Arterial - Other,1,State Highway Agency,1,This section IS ON the NHS,0,No Special Jurisdiction,26,26,37.94705556,37.94705556,-85.997175,-85.997175,12,Motor Vehicle In-Transport,6,Angle,0,No,1,Non-Junction,1,Not an Intersection,1,On Roadway,0,None,1,Daylight,1,Clear,0,No,0000000,Not Applicable,16,4:00pm-4:59pm,35,35,16,4:00pm-4:59pm,46,46,17,5:00pm-5:59pm,9,9,1
21,Kentucky,210502,0,0,2,2,0,2,2,67,FAYETTE (67),1980,LEXINGTON-FAYETTE,10,October,3,3,2,Monday,2022,19,7:00pm-7:59pm,5,5,US-60 VERSAILLES RD,DELMONT RD,2,US Highway,1,Rural,3,Principal Arterial - Other,1,State Highway Agency,1,This section IS ON the NHS,0,No Special Jurisdiction,67,67,38.04931389,38.04931389,-84.52823333,-84.52823333,12,Motor Vehicle In-Transport,6,Angle,0,No,2,Intersection,2,Four-Way Intersection,1,On Roadway,0,None,5,Dusk,1,Clear,0,No,0000000,Not Applicable,19,7:00pm-7:59pm,9,9,19,7:00pm-7:59pm,13,13,88,Not Applicable (Not Transported),88,Not Applicable (Not Transported),1
21,Kentucky,210503,2,2,1,1,0,1,1,101,HENDERSON (101),0,NOT APPLICABLE,10,October,4,4,3,Tuesday,2022,11,11:00am-11:59am,22,22,SR-46,NA,3,State Highway,1,Rural,6,Minor Collector,1,State Highway Agency,0,This section IS NOT on the NHS,0,No Special Jurisdiction,95,95,37.70996111,37.70996111,-87.49831111,-87.49831111,8,Pedestrian,0,The First Harmful Event was Not a Collision with a Motor Vehicle in Transport,0,No,1,Non-Junction,1,Not an Intersection,1,On Roadway,0,None,1,Daylight,1,Clear,0,No,0000000,Not Applicable,11,11:00am-11:59am,25,25,11,11:00am-11:59am,40,40,12,12:00pm-12:59pm,35,35,1
21,Kentucky,210504,0,0,1,1,0,2,2,43,CARTER (43),0,NOT APPLICABLE,10,October,4,4,3,Tuesday,2022,21,9:00pm-9:59pm,52,52,SR-2,NA,3,State Highway,1,Rural,7,Local,1,State Highway Agency,0,This section IS NOT on the NHS,0,No Special Jurisdiction,30,30,38.33329444,38.33329444,-83.20910833,-83.20910833,35,Embankment,0,The First Harmful Event was Not a Collision with a Motor Vehicle in Transport,0,No,1,Non-Junction,1,Not an Intersection,4,On Roadside,0,None,2,Dark - Not Lighted,1,Clear,0,No,0000000,Not Applicable,22,10:00pm-10:59pm,9,9,22,10:00pm-10:59pm,26,26,88,Not Applicable (Not Transported),88,Not Applicable (Not Transported),2
21,Kentucky,210505,0,0,1,1,0,1,1,111,JEFFERSON (111),2090,LOUISVILLE,10,October,2,2,1,Sunday,2022,3,3:00am-3:59am,45,45,I-265,NA,1,Interstate,2,Urban,1,Interstate,1,State Highway Agency,1,This section IS ON the NHS,0,No Special Jurisdiction,144,144,38.12149722,38.12149722,-85.62664444,-85.62664444,35,Embankment,0,The First Harmful Event was Not a Collision with a Motor Vehicle in Transport,0,No,1,Non-Junction,1,Not an Intersection,4,On Roadside,0,None,3,Dark - Lighted,1,Clear,0,No,0000000,Not Applicable,0,0:00am-0:59am,0,0,0,0:00am-0:59am,0,0,88,Not Applicable (Not Transported),88,Not Applicable (Not Transported),1
21,Kentucky,210506,0,0,2,2,0,4,4,155,MARION (155),0,NOT APPLICABLE,10,October,6,6,5,Thursday,2022,10,10:00am-10:59am,56,56,US-68 CAMPBELLSVILLE RD,NA,2,US Highway,1,Rural,3,Principal Arterial - Other,1,State Highway Agency,1,This section IS ON the NHS,0,No Special Jurisdiction,48,48,37.50273056,37.50273056,-85.29242778,-85.29242778,12,Motor Vehicle In-Transport,2,Front-to-Front,0,No,1,Non-Junction,1,Not an Intersection,1,On Roadway,0,None,1,Daylight,1,Clear,0,No,0000000,Not Applicable,11,11:00am-11:59am,11,11,11,11:00am-11:59am,11,11,88,Not Applicable (Not Transported),88,Not Applicable (Not Transported),3
21,Kentucky,210507,0,0,1,1,0,1,1,67,FAYETTE (67),1980,LEXINGTON-FAYETTE,10,October,6,6,5,Thursday,2022,13,1:00pm-1:59pm,13,13,CHINOE RD,NA,5,Local Street - Township,2,Urban,7,Local,1,State Highway Agency,0,This section IS NOT on the NHS,0,No Special Jurisdiction,0,None,38.02613333,38.02613333,-84.47458056,-84.47458056,42,Tree (Standing Only),0,The First Harmful Event was Not a Collision with a Motor Vehicle in Transport,0,No,1,Non-Junction,1,Not an Intersection,4,On Roadside,0,None,1,Daylight,1,Clear,0,No,0000000,Not Applicable,13,1:00pm-1:59pm,14,14,13,1:00pm-1:59pm,17,17,13,1:00pm-1:59pm,39,39,1
21,Kentucky,210508,0,0,2,2,0,2,2,231,WAYNE (231),0,NOT APPLICABLE,10,October,6,6,5,Thursday,2022,16,4:00pm-4:59pm,54,54,SR-1275,NA,3,State Highway,1,Rural,6,Minor Collector,1,State Highway Agency,0,This section IS NOT on the NHS,0,No Special Jurisdiction,56,56,36.88035,36.88035,-84.83691667,-84.83691667,12,Motor Vehicle In-Transport,2,Front-to-Front,0,No,1,Non-Junction,1,Not an Intersection,1,On Roadway,0,None,1,Daylight,1,Clear,0,No,0000000,Not Applicable,16,4:00pm-4:59pm,18,18,16,4:00pm-4:59pm,26,26,16,4:00pm-4:59pm,48,48,1
21,Kentucky,210509,1,1,1,1,0,1,1,111,JEFFERSON (111),2090,LOUISVILLE,10,October,5,5,4,Wednesday,2022,19,7:00pm-7:59pm,43,43,US-60 BERRY BLVD,GEORGETOWN PL,2,US Highway,2,Urban,7,Local,1,State Highway Agency,0,This section IS NOT on the NHS,0,No Special Jurisdiction,99998,Not Reported,38.19661667,38.19661667,-85.79333056,-85.79333056,8,Pedestrian,0,The First Harmful Event was Not a Collision with a Motor Vehicle in Transport,0,No,3,Intersection-Related,98,Not Reported,1,On Roadway,0,None,5,Dusk,1,Clear,0,No,0000000,Not Applicable,19,7:00pm-7:59pm,45,45,19,7:00pm-7:59pm,49,49,88,Not Applicable (Not Transported),88,Not Applicable (Not Transported),1
21,Kentucky,210510,0,0,2,2,0,2,2,87,GREEN (87),1340,GREENSBURG,10,October,7,7,6,Friday,2022,13,1:00pm-1:59pm,7,7,US-68,US-61,2,US Highway,1,Rural,4,Minor Arterial,1,State Highway Agency,0,This section IS NOT on the NHS,0,No Special Jurisdiction,142,142,37.27111111,37.27111111,-85.49613056,-85.49613056,12,Motor Vehicle In-Transport,6,Angle,0,No,2,Intersection,2,Four-Way Intersection,1,On Roadway,0,None,1,Daylight,1,Clear,0,No,0000000,Not Applicable,12,12:00pm-12:59pm,56,56,12,12:00pm-12:59pm,56,56,88,Not Applicable (Not Transported),88,Not Applicable (Not Transported),1
21,Kentucky,210511,0,0,1,1,0,1,1,67,FAYETTE (67),1980,LEXINGTON-FAYETTE,10,October,9,9,1,Sunday,2022,9,9:00am-9:59am,37,37,MONTICELLO BLVD,POST RD,5,Local Street - Township,2,Urban,7,Local,3,Town or Township Highway Agency,0,This section IS NOT on the NHS,0,No Special Jurisdiction,2,2,37.992075,37.992075,-84.54734167,-84.54734167,53,Mail Box,0,The First Harmful Event was Not a Collision with a Motor Vehicle in Transport,0,No,3,Intersection-Related,3,T-Intersection,4,On Roadside,0,None,1,Daylight,1,Clear,0,No,0000000,Not Applicable,9,9:00am-9:59am,39,39,9,9:00am-9:59am,45,45,10,10:00am-10:59am,6,6,1
21,Kentucky,210512,0,0,2,2,0,3,3,15,BOONE (15),0,NOT APPLICABLE,10,October,4,4,3,Tuesday,2022,0,0:00am-0:59am,4,4,I-75,NA,1,Interstate,2,Urban,1,Interstate,1,State Highway Agency,1,This section IS ON the NHS,0,No Special Jurisdiction,1749,1749,38.91095278,38.91095278,-84.6282,-84.6282,12,Motor Vehicle In-Transport,1,Front-to-Rear,1,Yes,18,Through Roadway,1,Not an Intersection,1,On Roadway,0,None,3,Dark - Lighted,1,Clear,0,No,0000000,Not Applicable,0,0:00am-0:59am,9,9,0,0:00am-0:59am,15,15,0,0:00am-0:59am,30,30,1
21,Kentucky,210513,1,1,1,1,0,1,1,111,JEFFERSON (111),2090,LOUISVILLE,10,October,6,6,5,Thursday,2022,1,1:00am-1:59am,39,39,W BROADWAY,NA,5,Local Street - Township,2,Urban,7,Local,3,Town or Township Highway Agency,0,This section IS NOT on the NHS,0,No Special Jurisdiction,11,11,38.24991667,38.24991667,-85.80897222,-85.80897222,8,Pedestrian,0,The First Harmful Event was Not a Collision with a Motor Vehicle in Transport,0,No,1,Non-Junction,1,Not an Intersection,1,On Roadway,0,None,2,Dark - Not Lighted,1,Clear,0,No,0000000,Not Applicable,1,1:00am-1:59am,46,46,1,1:00am-1:59am,47,47,88,Not Applicable (Not Transported),88,Not Applicable (Not Transported),1
21,Kentucky,210514,1,1,2,2,0,3,3,203,ROCKCASTLE (203),0,NOT APPLICABLE,10,October,6,6,5,Thursday,2022,20,8:00pm-8:59pm,6,6,SR-461 LAKE CUMBERLAND RD,REVEREND GRN LP,3,State Highway,1,Rural,3,Principal Arterial - Other,1,State Highway Agency,1,This section IS ON the NHS,0,No Special Jurisdiction,91,91,37.36772778,37.36772778,-84.34109722,-84.34109722,9,Pedalcyclist,0,The First Harmful Event was Not a Collision with a Motor Vehicle in Transport,0,No,2,Intersection,98,Not Reported,1,On Roadway,0,None,2,Dark - Not Lighted,1,Clear,0,No,0000000,Not Applicable,20,8:00pm-8:59pm,9,9,20,8:00pm-8:59pm,12,12,20,8:00pm-8:59pm,16,16,1
21,Kentucky,210515,0,0,2,2,0,2,2,37,CAMPBELL (37),730,COLD SPRING,10,October,2,2,1,Sunday,2022,17,5:00pm-5:59pm,53,53,US-27 ALEXANDRIA PIKE,ST  JOSEPH,2,US Highway,2,Urban,3,Principal Arterial - Other,1,State Highway Agency,1,This section IS ON the NHS,0,No Special Jurisdiction,155,155,39.02319167,39.02319167,-84.44158611,-84.44158611,12,Motor Vehicle In-Transport,6,Angle,0,No,2,Intersection,2,Four-Way Intersection,1,On Roadway,0,None,1,Daylight,1,Clear,0,No,0000000,Not Applicable,17,5:00pm-5:59pm,54,54,17,5:00pm-5:59pm,56,56,18,6:00pm-6:59pm,25,25,1
21,Kentucky,210516,0,0,2,2,0,4,4,111,JEFFERSON (111),2090,LOUISVILLE,10,October,9,9,1,Sunday,2022,20,8:00pm-8:59pm,5,5,SR-1934 CANE RUN RD,NA,3,State Highway,2,Urban,4,Minor Arterial,1,State Highway Agency,0,This section IS NOT on the NHS,0,No Special Jurisdiction,105,105,38.21392222,38.21392222,-85.8196,-85.8196,12,Motor Vehicle In-Transport,6,Angle,0,No,1,Non-Junction,1,Not an Intersection,1,On Roadway,0,None,3,Dark - Lighted,1,Clear,0,No,0000000,Not Applicable,22,10:00pm-10:59pm,9,9,20,8:00pm-8:59pm,12,12,20,8:00pm-8:59pm,41,41,1
21,Kentucky,210517,0,0,2,2,0,4,4,9,BARREN (9),0,NOT APPLICABLE,10,October,12,12,4,Wednesday,2022,6,6:00am-6:59am,0,0,I-65,NA,1,Interstate,1,Rural,1,Interstate,1,State Highway Agency,1,This section IS ON the NHS,0,No Special Jurisdiction,501,501,37.12004167,37.12004167,-86.01431944,-86.01431944,93,Unknown Fixed Object,0,The First Harmful Event was Not a Collision with a Motor Vehicle in Transport,0,No,1,Non-Junction,1,Not an Intersection,4,On Roadside,0,None,2,Dark - Not Lighted,1,Clear,0,No,0000000,Not Applicable,6,6:00am-6:59am,0,0,6,6:00am-6:59am,15,15,6,6:00am-6:59am,25,25,1
21,Kentucky,210518,0,0,1,1,0,1,1,213,SIMPSON (213),0,NOT APPLICABLE,10,October,12,12,4,Wednesday,2022,20,8:00pm-8:59pm,42,42,I-65,NA,1,Interstate,1,Rural,1,Interstate,1,State Highway Agency,1,This section IS ON the NHS,0,No Special Jurisdiction,118,118,36.790125,36.790125,-86.47548889,-86.47548889,42,Tree (Standing Only),0,The First Harmful Event was Not a Collision with a Motor Vehicle in Transport,0,No,1,Non-Junction,1,Not an Intersection,4,On Roadside,1,Construction,3,Dark - Lighted,1,Clear,0,No,0000000,Not Applicable,20,8:00pm-8:59pm,44,44,21,9:00pm-9:59pm,1,1,88,Not Applicable (Not Transported),88,Not Applicable (Not Transported),1
21,Kentucky,210519,0,0,1,1,0,2,2,225,UNION (225),0,NOT APPLICABLE,10,October,13,13,5,Thursday,2022,15,3:00pm-3:59pm,23,23,SR-141,NA,3,State Highway,1,Rural,6,Minor Collector,1,State Highway Agency,0,This section IS NOT on the NHS,0,No Special Jurisdiction,176,176,37.689825,37.689825,-87.80003611,-87.80003611,23,Bridge Rail (Includes parapet),0,The First Harmful Event was Not a Collision with a Motor Vehicle in Transport,0,No,1,Non-Junction,1,Not an Intersection,4,On Roadside,0,None,1,Daylight,1,Clear,0,No,0000000,Not Applicable,15,3:00pm-3:59pm,27,27,15,3:00pm-3:59pm,38,38,16,4:00pm-4:59pm,57,57,1