STATE,STATENAME,ST_CASE,PEDS,PERNOTMVIT,VE_TOTAL,VE_FORMS,PVH_INVL,PERSONS,PERMVIT,COUNTY,COUNTYNAME,CITY,CITYNAME,MONTH,MONTHNAME,DAY,DAYNAME,DAY_WEEK,DAY_WEEKNAME,YEAR,HOUR,HOURNAME,MINUTE,MINUTENAME,TWAY_ID,TWAY_ID2,ROUTE,ROUTENAME,RUR_URB,RUR_URBNAME,FUNC_SYS,FUNC_SYSNAME,RD_OWNER,RD_OWNERNAME,NHS,NHSNAME,SP_JUR,SP_JURNAME,MILEPT,MILEPTNAME,LATITUDE,LATITUDENAME,LONGITUD,LONGITUDNAME,HARM_EV,HARM_EVNAME,MAN_COLL,MAN_COLLNAME,RELJCT1,RELJCT1NAME,RELJCT2,RELJCT2NAME,TYP_INT,TYP_INTNAME,REL_ROAD,REL_ROADNAME,WRK_ZONE,WRK_ZONENAME,LGT_COND,LGT_CONDNAME,WEATHER,WEATHERNAME,SCH_BUS,SCH_BUSNAME,RAIL,RAILNAME,NOT_HOUR,NOT_HOURNAME,NOT_MIN,NOT_MINNAME,ARR_HOUR,ARR_HOURNAME,ARR_MIN,ARR_MINNAME,HOSP_HR,HOSP_HRNAME,HOSP_MN,HOSP_MNNAME,FATALS
21,Kentucky,210593,0,0,2,2,0,2,2,67,FAYETTE (67),1980,LEXINGTON-FAYETTE,11,November,19,19,7,Saturday,2022,19,7:00pm-7:59pm,2,2,US-60 WINCHESTER RD,NA,2,US Highway,1,Rural,3,Principal Arterial - Other,1,State Highway Agency,0,This section IS NOT on the NHS,0,No Special Jurisdiction,148,148,38.01384722,38.01384722,-84.36960556,-84.36960556,12,Motor Vehicle In-Transport,2,Front-to-Front,0,No,1,Non-Junction,1,Not an Intersection,1,On Roadway,0,None,2,Dark - Not Lighted,1,Clear,0,No,0000000,Not Applicable,19,7:00pm-7:59pm,4,4,19,7:00pm-7:59pm,25,25,19,7:00pm-7:59pm,46,46,1
21,Kentucky,210594,0,0,2,2,0,2,2,81,GRANT (81),940,DRY RIDGE,11,November,19,19,7,Saturday,2022,10,10:00am-10:59am,41,41,I-75,NA,1,Interstate,1,Rural,1,Interstate,1,State Highway Agency,1,This section IS ON the NHS,0,No Special Jurisdiction,1563,1563,38.65443056,38.65443056,-84.58732222,-84.58732222,12,Motor Vehicle In-Transport,2,Front-to-Front,1,Yes,18,Through Roadway,1,Not an Intersection,1,On Roadway,0,None,1,Daylight,1,Clear,0,No,0000000,Not Applicable,10,10:00am-10:59am,46,46,10,10:00am-10:59am,49,49,88,Not Applicable (Not Transported),88,Not Applicable (Not Transported),1
21,Kentucky,210595,1,1,1,1,0,2,2,147,MCCREARY (147),3545,WHITLEY CITY,11,November,19,19,7,Saturday,2022,18,6:00pm-6:59pm,30,30,US-27,NA,2,US Highway,1,Rural,3,Principal Arterial - Other,1,State Highway Agency,0,This section IS NOT on the NHS,0,No Special Jurisdiction,99998,Not Reported,36.72831944,36.72831944,-84.46886667,-84.46886667,8,Pedestrian,0,The First Harmful Event was Not a Collision with a Motor Vehicle in Transport,0,No,1,Non-Junction,1,Not an Intersection,1,On Roadway,0,None,2,Dark - Not Lighted,1,Clear,0,No,0000000,Not Applicable,18,6:00pm-6:59pm,52,52,18,6:00pm-6:59pm,55,55,19,7:00pm-7:59pm,13,13,1
21,Kentucky,210596,1,1,1,1,0,1,1,111,JEFFERSON (111),2090,LOUISVILLE,11,November,20,20,1,Sunday,2022,5,5:00am-5:59am,29,29,BLK FEGENBUSH LN,NA,5,Local Street - Township,2,Urban,7,Local,3,Town or Township Highway Agency,0,This section IS NOT on the NHS,0,No Special Jurisdiction,8,8,38.17468056,38.17468056,-85.639175,-85.639175,8,Pedestrian,0,The First Harmful Event was Not a Collision with a Motor Vehicle in Transport,0,No,1,Non-Junction,1,Not an Intersection,1,On Roadway,0,None,2,Dark - Not Lighted,1,Clear,0,No,0000000,Not Applicable,5,5:00am-5:59am,38,38,5,5:00am-5:59am,38,38,88,Not Applicable (Not Transported),88,Not Applicable (Not Transported),1
21,Kentucky,210597,0,0,2,2,0,3,3,93,HARDIN (93),1000,ELIZABETHTOWN,11,November,15,15,3,Tuesday,2022,22,10:00pm-10:59pm,54,54,SR-3005 RING RD,NA,3,State Highway,2,Urban,4,Minor Arterial,1,State Highway Agency,0,This section IS NOT on the NHS,0,No Special Jurisdiction,33,33,37.69205,37.69205,-85.91258611,-85.91258611,12,Motor Vehicle In-Transport,6,Angle,0,No,1,Non-Junction,1,Not an Intersection,1,On Roadway,0,None,2,Dark - Not Lighted,1,Clear,0,No,0000000,Not Applicable,22,10:00pm-10:59pm,54,54,22,10:00pm-10:59pm,59,59,0,0:00am-0:59am,9,9,1
21,Kentucky,210598,0,0,1,1,0,1,1,143,LYON (143),0,NOT APPLICABLE,11,November,17,17,5,Thursday,2022,20,8:00pm-8:59pm,45,45,SR-293,NA,3,State Highway,1,Rural,5,Major Collector,1,State Highway Agency,0,This section IS NOT on the NHS,0,No Special Jurisdiction,12,12,37.06241389,37.06241389,-88.01905556,-88.01905556,18,Other Object (not fixed),0,The First Harmful Event was Not a Collision with a Motor Vehicle in Transport,0,No,1,Non-Junction,1,Not an Intersection,4,On Roadside,0,None,2,Dark - Not Lighted,1,Clear,0,No,0000000,Not Applicable,20,8:00pm-8:59pm,47,47,20,8:00pm-8:59pm,55,55,88,Not Applicable (Not Transported),88,Not Applicable (Not Transported),1
21,Kentucky,210599,0,0,1,1,0,1,1,111,JEFFERSON (111),2090,LOUISVILLE,11,November,22,22,3,Tuesday,2022,23,11:00pm-11:59pm,27,27,US-60 EASTERN PKWY,BARRET AVE,2,US Highway,2,Urban,3,Principal Arterial - Other,1,State Highway Agency,1,This section IS ON the NHS,0,No Special Jurisdiction,60,60,38.22650556,38.22650556,-85.72073056,-85.72073056,30,Utility Pole/Light Support,0,The First Harmful Event was Not a Collision with a Motor Vehicle in Transport,0,No,3,Intersection-Related,2,Four-Way Intersection,4,On Roadside,0,None,2,Dark - Not Lighted,1,Clear,0,No,0000000,Not Applicable,23,11:00pm-11:59pm,30,30,23,11:00pm-11:59pm,41,41,88,Not Applicable (Not Transported),88,Not Applicable (Not Transported),1
21,Kentucky,210600,0,0,2,2,0,2,2,113,JESSAMINE (113),2410,NICHOLASVILLE,11,November,16,16,4,Wednesday,2022,19,7:00pm-7:59pm,46,46,US-27 LEXINGTON RD,ELIZABETH ST,2,US Highway,2,Urban,3,Principal Arterial - Other,1,State Highway Agency,1,This section IS ON the NHS,0,No Special Jurisdiction,118,118,37.91621389,37.91621389,-84.55731389,-84.55731389,12,Motor Vehicle In-Transport,1,Front-to-Rear,0,No,2,Intersection,2,Four-Way Intersection,1,On Roadway,0,None,3,Dark - Lighted,1,Clear,0,No,0000000,Not Applicable,19,7:00pm-7:59pm,49,49,19,7:00pm-7:59pm,50,50,20,8:00pm-8:59pm,11,11,1
21,Kentucky,210601,0,0,1,1,0,1,1,157,MARSHALL (157),1305,GILBERTSVILLE,11,November,24,24,5,Thursday,2022,8,8:00am-8:59am,56,56,US-641,NA,2,US Highway,1,Rural,4,Minor Arterial,1,State Highway Agency,0,This section IS NOT on the NHS,0,No Special Jurisdiction,155,155,36.95044167,36.95044167,-88.30690278,-88.30690278,35,Embankment,0,The First Harmful Event was Not a Collision with a Motor Vehicle in Transport,0,No,1,Non-Junction,1,Not an Intersection,4,On Roadside,0,None,1,Daylight,1,Clear,0,No,0000000,Not Applicable,8,8:00am-8:59am,56,56,9,9:00am-9:59am,6,6,88,Not Applicable (Not Transported),88,Not Applicable (Not Transported),1
21,Kentucky,210602,0,0,2,2,0,3,3,111,JEFFERSON (111),2090,LOUISVILLE,11,November,24,24,5,Thursday,2022,13,1:00pm-1:59pm,41,41,US-31 DIXIE HWY,NA,2,US Highway,2,Urban,3,Principal Arterial - Other,1,State Highway Agency,1,This section IS ON the NHS,0,No Special Jurisdiction,50,50,38.05915556,38.05915556,-85.88824444,-85.88824444,12,Motor Vehicle In-Transport,8,Sideswipe - Opposite Direction,0,No,1,Non-Junction,1,Not an Intersection,1,On Roadway,0,None,1,Daylight,1,Clear,0,No,0000000,Not Applicable,13,1:00pm-1:59pm,42,42,14,2:00pm-2:59pm,3,3,14,2:00pm-2:59pm,44,44,1
21,Kentucky,210603,0,0,2,2,0,3,3,77,GALLATIN (77),0,NOT APPLICABLE,11,November,24,24,5,Thursday,2022,16,4:00pm-4:59pm,42,42,US-42,NA,2,US Highway,1,Rural,5,Major Collector,1,State Highway Agency,0,This section IS NOT on the NHS,0,No Special Jurisdiction,144,144,38.80421944,38.80421944,-84.77655556,-84.77655556,12,Motor Vehicle In-Transport,2,Front-to-Front,0,No,1,Non-Junction,1,Not an Intersection,1,On Roadway,0,None,1,Daylight,10,Cloudy,0,No,0000000,Not Applicable,16,4:00pm-4:59pm,46,46,17,5:00pm-5:59pm,7,7,17,5:00pm-5:59pm,45,45,1
21,Kentucky,210604,0,0,3,3,0,8,8,7,BALLARD (7),0,NOT APPLICABLE,11,November,24,24,5,Thursday,2022,23,11:00pm-11:59pm,18,18,SR-286 WICKLIFFE RD,NA,3,State Highway,1,Rural,4,Minor Arterial,1,State Highway Agency,0,This section IS NOT on the NHS,0,No Special Jurisdiction,81,81,36.98953889,36.98953889,-88.94352778,-88.94352778,12,Motor Vehicle In-Transport,2,Front-to-Front,0,No,1,Non-Junction,1,Not an Intersection,1,On Roadway,0,None,2,Dark - Not Lighted,1,Clear,0,No,0000000,Not Applicable,23,11:00pm-11:59pm,25,25,23,11:00pm-11:59pm,37,37,2,2:00am-2:59am,3,3,1
21,Kentucky,210605,0,0,1,1,0,1,1,169,METCALFE (169),3234,SUMMER SHADE,11,November,26,26,7,Saturday,2022,21,9:00pm-9:59pm,27,27,E SUMMER SHADE ROAD,NA,5,Local Street - Township,1,Rural,7,Local,1,State Highway Agency,0,This section IS NOT on the NHS,0,No Special Jurisdiction,99998,Not Reported,36.88392222,36.88392222,-85.69983611,-85.69983611,35,Embankment,0,The First Harmful Event was Not a Collision with a Motor Vehicle in Transport,0,No,1,Non-Junction,1,Not an Intersection,4,On Roadside,0,None,3,Dark - Lighted,2,Rain,0,No,0000000,Not Applicable,21,9:00pm-9:59pm,25,25,21,9:00pm-9:59pm,42,42,88,Not Applicable (Not Transported),88,Not Applicable (Not Transported),1
21,Kentucky,210606,0,0,1,1,0,1,1,25,BREATHITT (25),3335,VANCLEVE,11,November,27,27,1,Sunday,2022,12,12:00pm-12:59pm,0,0,SR-205,NA,3,State Highway,1,Rural,4,Minor Arterial,1,State Highway Agency,0,This section IS NOT on the NHS,0,No Special Jurisdiction,91,91,37.66206389,37.66206389,-83.39379167,-83.39379167,93,Unknown Fixed Object,0,The First Harmful Event was Not a Collision with a Motor Vehicle in Transport,0,No,1,Non-Junction,1,Not an Intersection,4,On Roadside,0,None,1,Daylight,10,Cloudy,0,No,0000000,Not Applicable,12,12:00pm-12:59pm,9,9,12,12:00pm-12:59pm,21,21,12,12:00pm-12:59pm,41,41,1
21,Kentucky,210607,0,0,1,1,0,1,1,133,LETCHER (133),290,BLACKEY,11,November,28,28,2,Monday,2022,8,8:00am-8:59am,33,33,SR-7,NA,3,State Highway,1,Rural,3,Principal Arterial - Other,1,State Highway Agency,0,This section IS NOT on the NHS,0,No Special Jurisdiction,49,49,37.13885556,37.13885556,-82.99418333,-82.99418333,35,Embankment,0,The First Harmful Event was Not a Collision with a Motor Vehicle in Transport,0,No,1,Non-Junction,1,Not an Intersection,4,On Roadside,0,None,1,Daylight,10,Cloudy,0,No,0000000,Not Applicable,8,8:00am-8:59am,35,35,8,8:00am-8:59am,43,43,10,10:00am-10:59am,0,0,1
21,Kentucky,210608,0,0,7,7,0,8,8,15,BOONE (15),3400,WALTON,11,November,29,29,3,Tuesday,2022,15,3:00pm-3:59pm,49,49,I-75 RAMP,NA,1,Interstate,2,Urban,1,Interstate,1,State Highway Agency,1,This section IS ON the NHS,0,No Special Jurisdiction,0,None,38.86334167,38.86334167,-84.62371111,-84.62371111,12,Motor Vehicle In-Transport,1,Front-to-Rear,1,Yes,20,Entrance/Exit Ramp,1,Not an Intersection,1,On Roadway,0,None,1,Daylight,10,Cloudy,0,No,0000000,Not Applicable,16,4:00pm-4:59pm,0,0,16,4:00pm-4:59pm,17,17,16,4:00pm-4:59pm,42,42,1
21,Kentucky,210610,0,0,2,2,0,2,2,9,BARREN (9),0,NOT APPLICABLE,11,November,30,30,4,Wednesday,2022,15,3:00pm-3:59pm,29,29,US-31 N JACKSON HWY,NA,2,US Highway,1,Rural,4,Minor Arterial,1,State Highway Agency,0,This section IS NOT on the NHS,0,No Special Jurisdiction,216,216,37.09477778,37.09477778,-85.87931944,-85.87931944,12,Motor Vehicle In-Transport,8,Sideswipe - Opposite Direction,0,No,1,Non-Junction,1,Not an Intersection,1,On Roadway,0,None,1,Daylight,1,Clear,0,No,0000000,Not Applicable,15,3:00pm-3:59pm,29,29,15,3:00pm-3:59pm,39,39,16,4:00pm-4:59pm,0,0,1
21,Kentucky,210611,0,0,2,2,0,3,3,35,CALLOWAY (35),0,NOT APPLICABLE,11,November,30,30,4,Wednesday,2022,20,8:00pm-8:59pm,6,6,SR-121,NA,3,State Highway,1,Rural,4,Minor Arterial,1,State Highway Agency,0,This section IS NOT on the NHS,0,No Special Jurisdiction,178,178,36.636,36.636,-88.37946389,-88.37946389,12,Motor Vehicle In-Transport,2,Front-to-Front,0,No,1,Non-Junction,1,Not an Intersection,1,On Roadway,0,None,2,Dark - Not Lighted,1,Clear,0,No,0000000,Not Applicable,19,7:00pm-7:59pm,59,59,20,8:00pm-8:59pm,11,11,21,9:00pm-9:59pm,8,8,1
21,Kentucky,210612,0,0,2,2,0,7,7,7,BALLARD (7),0,NOT APPLICABLE,11,November,1,1,3,Tuesday,2022,16,4:00pm-4:59pm,35,35,SR-802 LA CENTER RD,NA,3,State Highway,1,Rural,5,Major Collector,1,State Highway Agency,0,This section IS NOT on the NHS,0,No Special Jurisdiction,62,62,37.01012778,37.01012778,-88.95677222,-88.95677222,12,Motor Vehicle In-Transport,6,Angle,0,No,1,Non-Junction,1,Not an Intersection,1,On Roadway,0,None,1,Daylight,1,Clear,0,No,0000000,Not Applicable,16,4:00pm-4:59pm,39,39,16,4:00pm-4:59pm,47,47,18,6:00pm-6:59pm,2,2,2
21,Kentucky,210613,0,0,1,1,0,2,2,223,TRIMBLE (223),0,NOT APPLICABLE,11,November,4,4,6,Friday,2022,20,8:00pm-8:59pm,32,32,SR-2868 MORTON RIDGE RD,NA,3,State Highway,1,Rural,7,Local,1,State Highway Agency,0,This section IS NOT on the NHS,0,No Special Jurisdiction,3,3,38.53151111,38.53151111,-85.39468611,-85.39468611,1,Rollover/Overturn,0,The First Harmful Event was Not a Collision with a Motor Vehicle in Transport,0,No,1,Non-Junction,1,Not an Intersection,4,On Roadside,0,None,2,Dark - Not Lighted,1,Clear,0,No,0000000,Not Applicable,21,9:00pm-9:59pm,30,30,21,9:00pm-9:59pm,45,45,22,10:00pm-10:59pm,30,30,1
21,Kentucky,210614,0,0,2,2,0,2,2,107,HOPKINS (107),0,NOT APPLICABLE,11,November,10,10,5,Thursday,2022,19,7:00pm-7:59pm,8,8,I-69,NA,1,Interstate,1,Rural,1,Interstate,1,State Highway Agency,1,This section IS ON the NHS,0,No Special Jurisdiction,1192,1192,37.39492778,37.39492778,-87.47608333,-87.47608333,11,Live Animal,0,The First Harmful Event was Not a Collision with a Motor Vehicle in Transport,0,No,1,Non-Junction,1,Not an Intersection,1,On Roadway,0,None,2,Dark - Not Lighted,1,Clear,0,No,0000000,Not Applicable,19,7:00pm-7:59pm,11,11,19,7:00pm-7:59pm,16,16,88,Not Applicable (Not Transported),88,Not Applicable (Not Transported),1
21,Kentucky,210615,0,0,1,1,0,1,1,177,MUHLENBERG (177),0,NOT APPLICABLE,11,November,11,11,6,Friday,2022,6,6:00am-6:59am,45,45,SR-246 MERLE TRAVIS HWY,NA,3,State Highway,1,Rural,6,Minor Collector,1,State Highway Agency,0,This section IS NOT on the NHS,0,No Special Jurisdiction,13,13,37.18710833,37.18710833,-87.06724722,-87.06724722,34,Ditch,0,The First Harmful Event was Not a Collision with a Motor Vehicle in Transport,0,No,1,Non-Junction,1,Not an Intersection,4,On Roadside,0,None,1,Daylight,2,Rain,0,No,0000000,Not Applicable,6,6:00am-6:59am,48,48,6,6:00am-6:59am,59,59,8,8:00am-8:59am,16,16,1
21,Kentucky,210616,0,0,1,1,0,1,1,177,MUHLENBERG (177),1360,GREENVILLE,11,November,12,12,7,Saturday,2022,9,9:00am-9:59am,22,22,SR-181 GREENVILLE RD,NA,3,State Highway,1,Rural,5,Major Collector,1,State Highway Agency,0,This section IS NOT on the NHS,0,No Special Jurisdiction,105,105,37.18588333,37.18588333,-87.16158611,-87.16158611,52,Guardrail End,0,The First Harmful Event was Not a Collision with a Motor Vehicle in Transport,0,No,1,Non-Junction,1,Not an Intersection,4,On Roadside,0,None,1,Daylight,10,Cloudy,0,No,0000000,Not Applicable,9,9:00am-9:59am,25,25,9,9:00am-9:59am,31,31,88,Not Applicable (Not Transported),88,Not Applicable (Not Transported),1
21,Kentucky,210617,0,0,2,2,0,4,4,93,HARDIN (93),3490,WEST POINT,11,November,13,13,1,Sunday,2022,16,4:00pm-4:59pm,34,34,US-31 DIXIE HWY,NA,2,US Highway,1,Rural,3,Principal Arterial - Other,1,State Highway Agency,0,This section IS NOT on the NHS,0,No Special Jurisdiction,348,348,37.97437778,37.97437778,-85.9724,-85.9724,12,Motor Vehicle In-Transport,6,Angle,0,No,1,Non-Junction,1,Not an Intersection,1,On Roadway,0,None,1,Daylight,1,Clear,0,No,0000000,Not Applicable,16,4:00pm-4:59pm,34,34,16,4:00pm-4:59pm,51,51,17,5:00pm-5:59pm,15,15,2
21,Kentucky,210618,0,0,2,2,0,3,3,193,PERRY (193),0,NOT APPLICABLE,11,November,18,18,6,Friday,2022,19,7:00pm-7:59pm,0,0,SR-80,NA,3,State Highway,1,Rural,3,Principal Arterial - Other,1,State Highway Agency,0,This section IS NOT on the NHS,0,No Special Jurisdiction,154,154,37.35078056,37.35078056,-83.11905278,-83.11905278,12,Motor Vehicle In-Transport,2,Front-to-Front,0,No,1,Non-Junction,1,Not an Intersection,1,On Roadway,0,None,2,Dark - Not Lighted,1,Clear,0,No,0000000,Not Applicable,18,6:00pm-6:59pm,47,47,18,6:00pm-6:59pm,55,55,19,7:00pm-7:59pm,49,49,1
21,Kentucky,210619,0,0,1,1,0,1,1,179,NELSON (179),0,NOT APPLICABLE,11,November,19,19,7,Saturday,2022,1,1:00am-1:59am,6,6,SR-48 FAIRFIELD RD,NA,3,State Highway,1,Rural,5,Major Collector,1,State Highway Agency,0,This section IS NOT on the NHS,0,No Special Jurisdiction,41,41,37.92420278,37.92420278,-85.35668889,-85.35668889,35,Embankment,0,The First Harmful Event was Not a Collision with a Motor Vehicle in Transport,0,No,1,Non-Junction,1,Not an Intersection,4,On Roadside,0,None,2,Dark - Not Lighted,1,Clear,0,No,0000000,Not Applicable,1,1:00am-1:59am,13,13,1,1:00am-1:59am,23,23,88,Not Applicable (Not Transported),88,Not Applicable (Not Transported),1
21,Kentucky,210620,0,0,1,1,0,1,1,107,HOPKINS (107),0,NOT APPLICABLE,11,November,22,22,3,Tuesday,2022,13,1:00pm-1:59pm,15,15,US-41 HANSON RD,NA,2,US Highway,1,Rural,4,Minor Arterial,1,State Highway Agency,0,This section IS NOT on the NHS,0,No Special Jurisdiction,257,257,37.46266667,37.46266667,-87.49669722,-87.49669722,35,Embankment,0,The First Harmful Event was Not a Collision with a Motor Vehicle in Transport,0,No,1,Non-Junction,1,Not an Intersection,4,On Roadside,0,None,1,Daylight,1,Clear,0,No,0000000,Not Applicable,13,1:00pm-1:59pm,20,20,13,1:00pm-1:59pm,34,34,14,2:00pm-2:59pm,12,12,1
21,Kentucky,210621,1,1,1,1,0,1,1,213,SIMPSON (213),1230,FRANKLIN,11,November,25,25,6,Friday,2022,21,9:00pm-9:59pm,57,57,S RAILROAD ST,NA,5,Local Street - Township,2,Urban,7,Local,3,Town or Township Highway Agency,0,This section IS NOT on the NHS,0,No Special Jurisdiction,2,2,36.71831667,36.71831667,-86.57440556,-86.57440556,8,Pedestrian,0,The First Harmful Event was Not a Collision with a Motor Vehicle in Transport,0,No,1,Non-Junction,1,Not an Intersection,1,On Roadway,0,None,2,Dark - Not Lighted,1,Clear,0,No,0000000,Not Applicable,21,9:00pm-9:59pm,58,58,22,10:00pm-10:59pm,0,0,22,10:00pm-10:59pm,34,34,1
21,Kentucky,210622,1,1,1,1,0,1,1,111,JEFFERSON (111),2090,LOUISVILLE,11,November,14,14,2,Monday,2022,15,3:00pm-3:59pm,38,38,SR-1020 NATIONAL TURN PIKE,NA,3,State Highway,2,Urban,4,Minor Arterial,1,State Highway Agency,0,This section IS NOT on the NHS,0,No Special Jurisdiction,19,19,38.10344444,38.10344444,-85.73983333,-85.73983333,9,Pedalcyclist,0,The First Harmful Event was Not a Collision with a Motor Vehicle in Transport,0,No,1,Non-Junction,1,Not an Intersection,1,On Roadway,0,None,1,Daylight,1,Clear,0,No,0000000,Not Applicable,15,3:00pm-3:59pm,38,38,15,3:00pm-3:59pm,45,45,16,4:00pm-4:59pm,16,16,1
21,Kentucky,210623,0,0,1,1,0,3,3,99,HART (99),0,NOT APPLICABLE,11,November,5,5,7,Saturday,2022,7,7:00am-7:59am,45,45,CR-RW HANDY RD,NA,4,County Road,1,Rural,7,Local,2,County Highway Agency,0,This section IS NOT on the NHS,0,No Special Jurisdiction,1,1,37.255175,37.255175,-85.7284,-85.7284,35,Embankment,0,The First Harmful Event was Not a Collision with a Motor Vehicle in Transport,0,No,1,Non-Junction,1,Not an Intersection,4,On Roadside,0,None,1,Daylight,1,Clear,0,No,0000000,Not Applicable,7,7:00am-7:59am,58,58,8,8:00am-8:59am,8,8,8,8:00am-8:59am,40,40,1
21,Kentucky,210624,1,1,1,1,0,2,2,93,HARDIN (93),1000,ELIZABETHTOWN,11,November,5,5,7,Saturday,2022,16,4:00pm-4:59pm,44,44,I-65,NA,1,Interstate,2,Urban,1,Interstate,1,State Highway Agency,1,This section IS ON the NHS,0,No Special Jurisdiction,929,929,37.69673889,37.69673889,-85.83791667,-85.83791667,8,Pedestrian,0,The First Harmful Event was Not a Collision with a Motor Vehicle in Transport,1,Yes,18,Through Roadway,1,Not an Intersection,1,On Roadway,0,None,1,Daylight,1,Clear,0,No,0000000,Not Applicable,16,4:00pm-4:59pm,41,41,16,4:00pm-4:59pm,48,48,88,Not Applicable (Not Transported),88,Not Applicable (Not Transported),1
21,Kentucky,210625,1,1,1,1,0,1,1,107,HOPKINS (107),0,NOT APPLICABLE,11,November,9,9,4,Wednesday,2022,0,0:00am-0:59am,49,49,CR-TIPETT RD,NA,4,County Road,1,Rural,7,Local,2,County Highway Agency,0,This section IS NOT on the NHS,0,No Special Jurisdiction,99998,Not Reported,37.43437222,37.43437222,-87.491425,-87.491425,8,Pedestrian,0,The First Harmful Event was Not a Collision with a Motor Vehicle in Transport,0,No,1,Non-Junction,1,Not an Intersection,1,On Roadway,0,None,2,Dark - Not Lighted,1,Clear,0,No,0000000,Not Applicable,0,0:00am-0:59am,58,58,1,1:00am-1:59am,11,11,88,Not Applicable (Not Transported),88,Not Applicable (Not Transported),1
21,Kentucky,210626,0,0,1,1,0,1,1,17,BOURBON (17),0,NOT APPLICABLE,11,November,9,9,4,Wednesday,2022,14,2:00pm-2:59pm,35,35,US-68 MILLERSBURG RD,NA,2,US Highway,1,Rural,3,Principal Arterial - Other,1,State Highway Agency,1,This section IS ON the NHS,0,No Special Jurisdiction,37,37,38.23650556,38.23650556,-84.21961944,-84.21961944,32,Culvert,0,The First Harmful Event was Not a Collision with a Motor Vehicle in Transport,0,No,1,Non-Junction,1,Not an Intersection,3,On Median,0,None,1,Daylight,1,Clear,0,No,0000000,Not Applicable,14,2:00pm-2:59pm,38,38,14,2:00pm-2:59pm,42,42,14,2:00pm-2:59pm,58,58,1
21,Kentucky,210627,0,0,1,1,0,1,1,105,HICKMAN (105),0,NOT APPLICABLE,11,November,15,15,3,Tuesday,2022,13,1:00pm-1:59pm,40,40,SR-1529,NA,3,State Highway,1,Rural,4,Minor Arterial,1,State Highway Agency,0,This section IS NOT on the NHS,0,No Special Jurisdiction,45,45,36.6137,36.6137,-88.96147778,-88.96147778,42,Tree (Standing Only),0,The First Harmful Event was Not a Collision with a Motor Vehicle in Transport,0,No,1,Non-Junction,1,Not an Intersection,4,On Roadside,0,None,1,Daylight,10,Cloudy,0,No,0000000,Not Applicable,13,1:00pm-1:59pm,44,44,13,1:00pm-1:59pm,55,55,88,Not Applicable (Not Transported),88,Not Applicable (Not Transported),1
21,Kentucky,210628,0,0,2,2,0,2,2,137,LINCOLN (137),3180,STANFORD,11,November,27,27,1,Sunday,2022,14,2:00pm-2:59pm,16,16,US-150,RIVER RD,2,US Highway,1,Rural,4,Minor Arterial,1,State Highway Agency,0,This section IS NOT on the NHS,0,No Special Jurisdiction,60,60,37.53553611,37.53553611,-84.64276389,-84.64276389,12,Motor Vehicle In-Transport,6,Angle,0,No,2,Intersection,98,Not Reported,1,On Roadway,0,None,1,Daylight,1,Clear,0,No,0000000,Not Applicable,14,2:00pm-2:59pm,19,19,14,2:00pm-2:59pm,21,21,14,2:00pm-2:59pm,56,56,1
21,Kentucky,210629,0,0,1,1,0,3,3,153,MAGOFFIN (153),0,NOT APPLICABLE,11,November,5,5,7,Saturday,2022,19,7:00pm-7:59pm,18,18,SR-7,NA,3,State Highway,1,Rural,5,Major Collector,1,State Highway Agency,0,This section IS NOT on the NHS,0,No Special Jurisdiction,131,131,37.62371944,37.62371944,-82.9854,-82.9854,42,Tree (Standing Only),0,The First Harmful Event was Not a Collision with a Motor Vehicle in Transport,0,No,1,Non-Junction,1,Not an Intersection,4,On Roadside,0,None,2,Dark - Not Lighted,1,Clear,0,No,0000000,Not Applicable,0,0:00am-0:59am,0,0,0,0:00am-0:59am,0,0,0,0:00am-0:59am,0,0,2
21,Kentucky,210630,0,0,2,2,0,2,2,113,JESSAMINE (113),2410,NICHOLASVILLE,12,December,1,1,5,Thursday,2022,17,5:00pm-5:59pm,51,51,US-27 NICHOLASVILLE BYPASS,SHORT SHUN RD,2,US Highway,2,Urban,3,Principal Arterial - Other,1,State Highway Agency,1,This section IS ON the NHS,0,No Special Jurisdiction,69,69,37.86383889,37.86383889,-84.59464167,-84.59464167,12,Motor Vehicle In-Transport,6,Angle,0,No,2,Intersection,2,Four-Way Intersection,1,On Roadway,0,None,2,Dark - Not Lighted,1,Clear,0,No,0000000,Not Applicable,17,5:00pm-5:59pm,53,53,17,5:00pm-5:59pm,56,56,18,6:00pm-6:59pm,42,42,1