STATE,STATENAME,ST_CASE,PEDS,PERNOTMVIT,VE_TOTAL,VE_FORMS,PVH_INVL,PERSONS,PERMVIT,COUNTY,COUNTYNAME,CITY,CITYNAME,MONTH,MONTHNAME,DAY,DAYNAME,DAY_WEEK,DAY_WEEKNAME,YEAR,HOUR,HOURNAME,MINUTE,MINUTENAME,TWAY_ID,TWAY_ID2,ROUTE,ROUTENAME,RUR_URB,RUR_URBNAME,FUNC_SYS,FUNC_SYSNAME,RD_OWNER,RD_OWNERNAME,NHS,NHSNAME,SP_JUR,SP_JURNAME,MILEPT,MILEPTNAME,LATITUDE,LATITUDENAME,LONGITUD,LONGITUDNAME,HARM_EV,HARM_EVNAME,MAN_COLL,MAN_COLLNAME,RELJCT1,RELJCT1NAME,RELJCT2,RELJCT2NAME,TYP_INT,TYP_INTNAME,REL_ROAD,REL_ROADNAME,WRK_ZONE,WRK_ZONENAME,LGT_COND,LGT_CONDNAME,WEATHER,WEATHERNAME,SCH_BUS,SCH_BUSNAME,RAIL,RAILNAME,NOT_HOUR,NOT_HOURNAME,NOT_MIN,NOT_MINNAME,ARR_HOUR,ARR_HOURNAME,ARR_MIN,ARR_MINNAME,HOSP_HR,HOSP_HRNAME,HOSP_MN,HOSP_MNNAME,FATALS
21,Kentucky,210631,1,1,1,1,0,1,1,185,OLDHAM (185),1870,LA GRANGE,12,December,2,2,6,Friday,2022,23,11:00pm-11:59pm,46,46,I-71,NA,1,Interstate,1,Rural,1,Interstate,1,State Highway Agency,1,This section IS ON the NHS,0,No Special Jurisdiction,223,223,38.40505556,38.40505556,-85.36416944,-85.36416944,8,Pedestrian,0,The First Harmful Event was Not a Collision with a Motor Vehicle in Transport,0,No,1,Non-Junction,1,Not an Intersection,2,On Shoulder,0,None,2,Dark - Not Lighted,2,Rain,0,No,0000000,Not Applicable,23,11:00pm-11:59pm,48,48,23,11:00pm-11:59pm,59,59,1,1:00am-1:59am,2,2,1
21,Kentucky,210632,1,1,1,1,0,1,1,165,MENIFEE (165),2209,MEANS,12,December,3,3,7,Saturday,2022,17,5:00pm-5:59pm,56,56,SR-713,NA,3,State Highway,1,Rural,4,Minor Arterial,1,State Highway Agency,0,This section IS NOT on the NHS,0,No Special Jurisdiction,29,29,37.94628611,37.94628611,-83.77243611,-83.77243611,8,Pedestrian,0,The First Harmful Event was Not a Collision with a Motor Vehicle in Transport,0,No,1,Non-Junction,1,Not an Intersection,1,On Roadway,0,None,2,Dark - Not Lighted,1,Clear,0,No,0000000,Not Applicable,18,6:00pm-6:59pm,2,2,18,6:00pm-6:59pm,10,10,88,Not Applicable (Not Transported),88,Not Applicable (Not Transported),1
21,Kentucky,210633,0,0,3,3,0,4,4,111,JEFFERSON (111),2090,LOUISVILLE,12,December,2,2,6,Friday,2022,12,12:00pm-12:59pm,5,5,US-31 BUECHEL BYPASS,NA,2,US Highway,2,Urban,3,Principal Arterial - Other,1,State Highway Agency,1,This section IS ON the NHS,0,No Special Jurisdiction,108,108,38.19739444,38.19739444,-85.660125,-85.660125,12,Motor Vehicle In-Transport,2,Front-to-Front,0,No,1,Non-Junction,1,Not an Intersection,1,On Roadway,0,None,1,Daylight,10,Cloudy,0,No,0000000,Not Applicable,12,12:00pm-12:59pm,6,6,12,12:00pm-12:59pm,10,10,12,12:00pm-12:59pm,42,42,1
21,Kentucky,210634,0,0,2,2,0,5,5,71,FLOYD (71),2670,PRESTONSBURG,12,December,6,6,3,Tuesday,2022,18,6:00pm-6:59pm,54,54,SR-114,NA,3,State Highway,1,Rural,3,Principal Arterial - Other,1,State Highway Agency,1,This section IS ON the NHS,0,No Special Jurisdiction,70,70,37.64348889,37.64348889,-82.84815,-82.84815,12,Motor Vehicle In-Transport,2,Front-to-Front,0,No,1,Non-Junction,1,Not an Intersection,1,On Roadway,0,None,2,Dark - Not Lighted,1,Clear,0,No,0000000,Not Applicable,18,6:00pm-6:59pm,54,54,19,7:00pm-7:59pm,4,4,19,7:00pm-7:59pm,24,24,2
21,Kentucky,210635,0,0,1,1,0,1,1,119,KNOTT (119),2892,SASSAFRAS,12,December,7,7,4,Wednesday,2022,6,6:00am-6:59am,24,24,SR-1088 YELLOW CREEK RD,NA,3,State Highway,1,Rural,6,Minor Collector,1,State Highway Agency,0,This section IS NOT on the NHS,0,No Special Jurisdiction,74,74,37.23717222,37.23717222,-83.05732222,-83.05732222,35,Embankment,0,The First Harmful Event was Not a Collision with a Motor Vehicle in Transport,0,No,1,Non-Junction,1,Not an Intersection,4,On Roadside,0,None,2,Dark - Not Lighted,2,Rain,0,No,0000000,Not Applicable,6,6:00am-6:59am,29,29,6,6:00am-6:59am,51,51,88,Not Applicable (Not Transported),88,Not Applicable (Not Transported),1
21,Kentucky,210636,0,0,1,1,0,1,1,227,WARREN (227),0,NOT APPLICABLE,12,December,9,9,6,Friday,2022,4,4:00am-4:59am,0,0,BROWNING RD,NA,5,Local Street - Township,1,Rural,7,Local,1,State Highway Agency,0,This section IS NOT on the NHS,0,No Special Jurisdiction,17,17,36.948275,36.948275,-86.63969722,-86.63969722,35,Embankment,0,The First Harmful Event was Not a Collision with a Motor Vehicle in Transport,0,No,1,Non-Junction,1,Not an Intersection,4,On Roadside,0,None,2,Dark - Not Lighted,10,Cloudy,0,No,0000000,Not Applicable,4,4:00am-4:59am,1,1,4,4:00am-4:59am,15,15,4,4:00am-4:59am,52,52,1
21,Kentucky,210637,0,0,1,1,0,3,3,195,PIKE (195),2727,RANSOM,12,December,11,11,1,Sunday,2022,9,9:00am-9:59am,0,0,SR-1056,NA,3,State Highway,1,Rural,5,Major Collector,1,State Highway Agency,0,This section IS NOT on the NHS,0,No Special Jurisdiction,56,56,37.56182222,37.56182222,-82.19261667,-82.19261667,42,Tree (Standing Only),0,The First Harmful Event was Not a Collision with a Motor Vehicle in Transport,0,No,1,Non-Junction,1,Not an Intersection,4,On Roadside,0,None,1,Daylight,1,Clear,0,No,0000000,Not Applicable,7,7:00am-7:59am,34,34,7,7:00am-7:59am,52,52,8,8:00am-8:59am,46,46,1
21,Kentucky,210638,0,0,2,2,0,2,2,123,LARUE (123),420,BUFFALO,12,December,12,12,2,Monday,2022,16,4:00pm-4:59pm,58,58,SR-61 GREENSBURG RD,NA,3,State Highway,1,Rural,4,Minor Arterial,1,State Highway Agency,0,This section IS NOT on the NHS,0,No Special Jurisdiction,44,44,37.49907222,37.49907222,-85.69260556,-85.69260556,12,Motor Vehicle In-Transport,2,Front-to-Front,0,No,1,Non-Junction,1,Not an Intersection,1,On Roadway,0,None,1,Daylight,1,Clear,0,No,0000000,Not Applicable,16,4:00pm-4:59pm,46,46,16,4:00pm-4:59pm,54,54,88,Not Applicable (Not Transported),88,Not Applicable (Not Transported),1
21,Kentucky,210639,1,1,1,1,0,4,4,111,JEFFERSON (111),2090,LOUISVILLE,12,December,7,7,4,Wednesday,2022,6,6:00am-6:59am,31,31,FEGENBUSH LN,NA,5,Local Street - Township,2,Urban,7,Local,3,Town or Township Highway Agency,0,This section IS NOT on the NHS,0,No Special Jurisdiction,0,None,38.18643889,38.18643889,-85.63808889,-85.63808889,8,Pedestrian,0,The First Harmful Event was Not a Collision with a Motor Vehicle in Transport,0,No,1,Non-Junction,1,Not an Intersection,1,On Roadway,0,None,2,Dark - Not Lighted,2,Rain,0,No,0000000,Not Applicable,6,6:00am-6:59am,31,31,6,6:00am-6:59am,35,35,7,7:00am-7:59am,1,1,1
21,Kentucky,210640,0,0,1,1,0,1,1,21,BOYLE (21),860,DANVILLE,12,December,13,13,3,Tuesday,2022,10,10:00am-10:59am,22,22,SR-34 LEBANON RD,NA,3,State Highway,2,Urban,6,Minor Collector,1,State Highway Agency,0,This section IS NOT on the NHS,0,No Special Jurisdiction,117,117,37.62659444,37.62659444,-84.80718611,-84.80718611,42,Tree (Standing Only),0,The First Harmful Event was Not a Collision with a Motor Vehicle in Transport,0,No,1,Non-Junction,1,Not an Intersection,4,On Roadside,0,None,1,Daylight,10,Cloudy,0,No,0000000,Not Applicable,10,10:00am-10:59am,22,22,10,10:00am-10:59am,24,24,10,10:00am-10:59am,47,47,1
21,Kentucky,210641,0,0,2,2,0,2,2,111,JEFFERSON (111),2090,LOUISVILLE,12,December,14,14,4,Wednesday,2022,18,6:00pm-6:59pm,10,10,SR-1934 GREENBELT HWY,LOGISTIC DR,3,State Highway,2,Urban,3,Principal Arterial - Other,1,State Highway Agency,1,This section IS ON the NHS,0,No Special Jurisdiction,58,58,38.16540833,38.16540833,-85.87856389,-85.87856389,12,Motor Vehicle In-Transport,6,Angle,0,No,2,Intersection,3,T-Intersection,1,On Roadway,0,None,3,Dark - Lighted,2,Rain,0,No,0000000,Not Applicable,18,6:00pm-6:59pm,10,10,18,6:00pm-6:59pm,13,13,88,Not Applicable (Not Transported),88,Not Applicable (Not Transported),1
21,Kentucky,210642,0,0,2,2,0,3,3,51,CLAY (51),0,NOT APPLICABLE,12,December,15,15,5,Thursday,2022,19,7:00pm-7:59pm,31,31,SR-9006,NA,3,State Highway,1,Rural,3,Principal Arterial - Other,1,State Highway Agency,1,This section IS ON the NHS,0,No Special Jurisdiction,274,274,37.1499,37.1499,-83.65521111,-83.65521111,12,Motor Vehicle In-Transport,2,Front-to-Front,0,No,1,Non-Junction,1,Not an Intersection,1,On Roadway,0,None,2,Dark - Not Lighted,1,Clear,0,No,0000000,Not Applicable,19,7:00pm-7:59pm,31,31,19,7:00pm-7:59pm,38,38,23,11:00pm-11:59pm,4,4,2
21,Kentucky,210643,0,0,2,2,0,3,3,67,FAYETTE (67),1980,LEXINGTON-FAYETTE,12,December,14,14,4,Wednesday,2022,13,1:00pm-1:59pm,46,46,MASON HEADLY RD,NA,5,Local Street - Township,2,Urban,7,Local,3,Town or Township Highway Agency,0,This section IS NOT on the NHS,0,No Special Jurisdiction,10,10,38.04190556,38.04190556,-84.54061389,-84.54061389,12,Motor Vehicle In-Transport,6,Angle,0,No,1,Non-Junction,1,Not an Intersection,4,On Roadside,0,None,1,Daylight,10,Cloudy,0,No,0000000,Not Applicable,13,1:00pm-1:59pm,47,47,13,1:00pm-1:59pm,50,50,14,2:00pm-2:59pm,5,5,1
21,Kentucky,210644,0,0,1,1,0,1,1,85,GRAYSON (85),1940,LEITCHFIELD,12,December,16,16,6,Friday,2022,9,9:00am-9:59am,25,25,GRAYSON SPRINGS RD,NA,5,Local Street - Township,2,Urban,4,Minor Arterial,3,Town or Township Highway Agency,0,This section IS NOT on the NHS,0,No Special Jurisdiction,18,18,37.47776111,37.47776111,-86.26805833,-86.26805833,35,Embankment,0,The First Harmful Event was Not a Collision with a Motor Vehicle in Transport,0,No,1,Non-Junction,1,Not an Intersection,4,On Roadside,0,None,1,Daylight,1,Clear,0,No,0000000,Not Applicable,9,9:00am-9:59am,25,25,9,9:00am-9:59am,30,30,88,Not Applicable (Not Transported),88,Not Applicable (Not Transported),1
21,Kentucky,210645,0,0,1,1,0,1,1,151,MADISON (151),0,NOT APPLICABLE,12,December,16,16,6,Friday,2022,15,3:00pm-3:59pm,35,35,CR-S DOGWOOD DR,NA,4,County Road,1,Rural,7,Local,1,State Highway Agency,0,This section IS NOT on the NHS,0,No Special Jurisdiction,0,None,37.55491111,37.55491111,-84.32003056,-84.32003056,35,Embankment,0,The First Harmful Event was Not a Collision with a Motor Vehicle in Transport,0,No,1,Non-Junction,1,Not an Intersection,4,On Roadside,0,None,1,Daylight,1,Clear,0,No,0000000,Not Applicable,15,3:00pm-3:59pm,29,29,15,3:00pm-3:59pm,38,38,88,Not Applicable (Not Transported),88,Not Applicable (Not Transported),1
21,Kentucky,210646,0,0,1,1,0,1,1,133,LETCHER (133),0,NOT APPLICABLE,12,December,18,18,1,Sunday,2022,12,12:00pm-12:59pm,22,22,SR-588,NA,3,State Highway,1,Rural,6,Minor Collector,1,State Highway Agency,0,This section IS NOT on the NHS,0,No Special Jurisdiction,69,69,37.11852222,37.11852222,-82.89984167,-82.89984167,42,Tree (Standing Only),0,The First Harmful Event was Not a Collision with a Motor Vehicle in Transport,0,No,1,Non-Junction,1,Not an Intersection,4,On Roadside,0,None,1,Daylight,10,Cloudy,0,No,0000000,Not Applicable,12,12:00pm-12:59pm,23,23,12,12:00pm-12:59pm,55,55,13,1:00pm-1:59pm,3,3,1
21,Kentucky,210647,0,0,3,3,0,3,3,111,JEFFERSON (111),2090,LOUISVILLE,12,December,18,18,1,Sunday,2022,4,4:00am-4:59am,16,16,SR-1747 S HURSTBOURNE PKWY,NA,3,State Highway,2,Urban,3,Principal Arterial - Other,1,State Highway Agency,1,This section IS ON the NHS,0,No Special Jurisdiction,52,52,38.16218056,38.16218056,-85.63963889,-85.63963889,12,Motor Vehicle In-Transport,6,Angle,0,No,1,Non-Junction,1,Not an Intersection,1,On Roadway,0,None,2,Dark - Not Lighted,1,Clear,0,No,0000000,Not Applicable,4,4:00am-4:59am,16,16,4,4:00am-4:59am,23,23,4,4:00am-4:59am,57,57,1
21,Kentucky,210648,0,0,2,2,0,2,2,59,DAVIESS (59),0,NOT APPLICABLE,12,December,21,21,4,Wednesday,2022,16,4:00pm-4:59pm,52,52,US-60,HAWES BLVD,2,US Highway,2,Urban,3,Principal Arterial - Other,1,State Highway Agency,1,This section IS ON the NHS,0,No Special Jurisdiction,236,236,37.81941944,37.81941944,-87.04017778,-87.04017778,12,Motor Vehicle In-Transport,6,Angle,0,No,2,Intersection,98,Not Reported,1,On Roadway,0,None,2,Dark - Not Lighted,10,Cloudy,0,No,0000000,Not Applicable,16,4:00pm-4:59pm,57,57,17,5:00pm-5:59pm,2,2,17,5:00pm-5:59pm,42,42,1
21,Kentucky,210649,0,0,2,2,0,2,2,157,MARSHALL (157),0,NOT APPLICABLE,12,December,22,22,5,Thursday,2022,17,5:00pm-5:59pm,36,36,US-68,SR-80,2,US Highway,1,Rural,3,Principal Arterial - Other,1,State Highway Agency,1,This section IS ON the NHS,0,No Special Jurisdiction,19,19,36.770425,36.770425,-88.13701111,-88.13701111,12,Motor Vehicle In-Transport,6,Angle,0,No,2,Intersection,4,Y-Intersection,1,On Roadway,0,None,6,Dark - Unknown Lighting,98,Not Reported,0,No,0000000,Not Applicable,17,5:00pm-5:59pm,39,39,17,5:00pm-5:59pm,58,58,88,Not Applicable (Not Transported),88,Not Applicable (Not Transported),1
21,Kentucky,210650,1,1,1,1,0,3,3,199,PULASKI (199),460,BURNSIDE,12,December,22,22,5,Thursday,2022,18,6:00pm-6:59pm,25,25,US-27,NA,2,US Highway,2,Urban,3,Principal Arterial - Other,1,State Highway Agency,1,This section IS ON the NHS,0,No Special Jurisdiction,104,104,37.00721111,37.00721111,-84.62101111,-84.62101111,8,Pedestrian,0,The First Harmful Event was Not a Collision with a Motor Vehicle in Transport,0,No,8,Driveway Access Related,1,Not an Intersection,1,On Roadway,0,None,2,Dark - Not Lighted,1,Clear,0,No,0000000,Not Applicable,18,6:00pm-6:59pm,33,33,18,6:00pm-6:59pm,40,40,88,Not Applicable (Not Transported),88,Not Applicable (Not Transported),1
21,Kentucky,210651,0,0,1,1,0,1,1,173,MONTGOMERY (173),0,NOT APPLICABLE,12,December,23,23,6,Friday,2022,4,4:00am-4:59am,3,3,US-460 N MAYSVILLE ST,Indian Mound dr,2,US Highway,2,Urban,4,Minor Arterial,1,State Highway Agency,0,This section IS NOT on the NHS,0,No Special Jurisdiction,82,82,38.07426667,38.07426667,-83.94858889,-83.94858889,30,Utility Pole/Light Support,0,The First Harmful Event was Not a Collision with a Motor Vehicle in Transport,0,No,3,Intersection-Related,4,Y-Intersection,4,On Roadside,0,None,3,Dark - Lighted,98,Not Reported,0,No,0000000,Not Applicable,4,4:00am-4:59am,9,9,4,4:00am-4:59am,9,9,4,4:00am-4:59am,9,9,1
21,Kentucky,210652,1,1,1,1,0,1,1,185,OLDHAM (185),815,CRESTWOOD,12,December,25,25,1,Sunday,2022,18,6:00pm-6:59pm,18,18,SR-146 LAGRANGE RD,NA,3,State Highway,2,Urban,4,Minor Arterial,1,State Highway Agency,0,This section IS NOT on the NHS,0,No Special Jurisdiction,35,35,38.34139722,38.34139722,-85.46609444,-85.46609444,8,Pedestrian,0,The First Harmful Event was Not a Collision with a Motor Vehicle in Transport,0,No,1,Non-Junction,1,Not an Intersection,1,On Roadway,0,None,2,Dark - Not Lighted,4,Snow,0,No,0000000,Not Applicable,18,6:00pm-6:59pm,25,25,18,6:00pm-6:59pm,43,43,88,Not Applicable (Not Transported),88,Not Applicable (Not Transported),1
21,Kentucky,210653,1,1,1,1,0,2,2,65,ESTILL (65),1690,IRVINE,12,December,14,14,4,Wednesday,2022,18,6:00pm-6:59pm,7,7,SR-52 RIVER DR,ESTILL AVE,3,State Highway,1,Rural,4,Minor Arterial,1,State Highway Agency,0,This section IS NOT on the NHS,0,No Special Jurisdiction,78,78,37.69799167,37.69799167,-83.97189167,-83.97189167,8,Pedestrian,0,The First Harmful Event was Not a Collision with a Motor Vehicle in Transport,0,No,3,Intersection-Related,98,Not Reported,1,On Roadway,0,None,2,Dark - Not Lighted,10,Cloudy,0,No,0000000,Not Applicable,18,6:00pm-6:59pm,7,7,18,6:00pm-6:59pm,7,7,18,6:00pm-6:59pm,7,7,1
21,Kentucky,210654,0,0,1,1,0,3,3,71,FLOYD (71),2129,MCDOWELL,12,December,28,28,4,Wednesday,2022,5,5:00am-5:59am,33,33,SR-122,NA,3,State Highway,1,Rural,5,Major Collector,1,State Highway Agency,0,This section IS NOT on the NHS,0,No Special Jurisdiction,193,193,37.447175,37.447175,-82.73891944,-82.73891944,24,Guardrail Face,0,The First Harmful Event was Not a Collision with a Motor Vehicle in Transport,0,No,1,Non-Junction,1,Not an Intersection,4,On Roadside,0,None,2,Dark - Not Lighted,1,Clear,0,No,0000000,Not Applicable,0,0:00am-0:59am,0,0,0,0:00am-0:59am,0,0,0,0:00am-0:59am,0,0,1
21,Kentucky,210655,1,1,1,1,0,2,2,103,HENRY (103),0,NOT APPLICABLE,12,December,30,30,6,Friday,2022,19,7:00pm-7:59pm,32,32,SR-146 LAGRANGE RD,NA,3,State Highway,1,Rural,5,Major Collector,1,State Highway Agency,0,This section IS NOT on the NHS,0,No Special Jurisdiction,12,12,38.44700278,38.44700278,-85.30929722,-85.30929722,8,Pedestrian,0,The First Harmful Event was Not a Collision with a Motor Vehicle in Transport,0,No,1,Non-Junction,1,Not an Intersection,1,On Roadway,0,None,2,Dark - Not Lighted,10,Cloudy,0,No,0000000,Not Applicable,19,7:00pm-7:59pm,36,36,19,7:00pm-7:59pm,48,48,20,8:00pm-8:59pm,26,26,1
21,Kentucky,210656,0,0,1,1,0,1,1,195,PIKE (195),2741,REGINA,12,December,30,30,6,Friday,2022,22,10:00pm-10:59pm,35,35,US-460,NA,2,US Highway,2,Urban,3,Principal Arterial - Other,1,State Highway Agency,1,This section IS ON the NHS,0,No Special Jurisdiction,49,49,37.41169722,37.41169722,-82.44978889,-82.44978889,35,Embankment,0,The First Harmful Event was Not a Collision with a Motor Vehicle in Transport,0,No,1,Non-Junction,1,Not an Intersection,4,On Roadside,0,None,3,Dark - Lighted,10,Cloudy,0,No,0000000,Not Applicable,22,10:00pm-10:59pm,37,37,22,10:00pm-10:59pm,56,56,0,0:00am-0:59am,10,10,1
21,Kentucky,210657,0,0,1,1,0,1,1,195,PIKE (195),3377,VIRGIE,12,December,7,7,4,Wednesday,2022,7,7:00am-7:59am,45,45,SR-122 ABNER MT RD,NA,3,State Highway,1,Rural,5,Major Collector,1,State Highway Agency,0,This section IS NOT on the NHS,0,No Special Jurisdiction,4,4,37.35030833,37.35030833,-82.64904722,-82.64904722,24,Guardrail Face,0,The First Harmful Event was Not a Collision with a Motor Vehicle in Transport,0,No,1,Non-Junction,1,Not an Intersection,4,On Roadside,0,None,1,Daylight,2,Rain,0,No,0000000,Not Applicable,0,0:00am-0:59am,0,0,0,0:00am-0:59am,0,0,0,0:00am-0:59am,0,0,1
21,Kentucky,210658,0,0,2,2,0,2,2,177,MUHLENBERG (177),650,CENTRAL CITY,12,December,22,22,5,Thursday,2022,12,12:00pm-12:59pm,47,47,US-62 W EVERLY BROTHERS BLVD,WALMART PARKING LOT WAY,2,US Highway,2,Urban,4,Minor Arterial,1,State Highway Agency,0,This section IS NOT on the NHS,0,No Special Jurisdiction,161,161,37.27188611,37.27188611,-87.14283889,-87.14283889,12,Motor Vehicle In-Transport,6,Angle,0,No,2,Intersection,3,T-Intersection,1,On Roadway,0,None,1,Daylight,2,Rain,0,No,0000000,Not Applicable,12,12:00pm-12:59pm,50,50,12,12:00pm-12:59pm,53,53,13,1:00pm-1:59pm,16,16,1
21,Kentucky,210659,0,0,1,1,0,2,2,111,JEFFERSON (111),2090,LOUISVILLE,12,December,26,26,2,Monday,2022,2,2:00am-2:59am,29,29,BLK S FLOYD ST,NA,5,Local Street - Township,2,Urban,7,Local,3,Town or Township Highway Agency,0,This section IS NOT on the NHS,0,No Special Jurisdiction,32,32,38.20831944,38.20831944,-85.75620278,-85.75620278,30,Utility Pole/Light Support,0,The First Harmful Event was Not a Collision with a Motor Vehicle in Transport,0,No,1,Non-Junction,1,Not an Intersection,4,On Roadside,0,None,6,Dark - Unknown Lighting,1,Clear,0,No,0000000,Not Applicable,2,2:00am-2:59am,28,28,2,2:00am-2:59am,35,35,3,3:00am-3:59am,2,2,1
21,Kentucky,210660,0,0,2,2,0,2,2,27,BRECKINRIDGE (27),720,CLOVERPORT,12,December,28,28,4,Wednesday,2022,19,7:00pm-7:59pm,12,12,US-60,SR-144,2,US Highway,1,Rural,4,Minor Arterial,1,State Highway Agency,0,This section IS NOT on the NHS,0,No Special Jurisdiction,10,10,37.82858889,37.82858889,-86.64938611,-86.64938611,12,Motor Vehicle In-Transport,6,Angle,0,No,2,Intersection,3,T-Intersection,1,On Roadway,0,None,5,Dusk,1,Clear,0,No,0000000,Not Applicable,17,5:00pm-5:59pm,48,48,18,6:00pm-6:59pm,9,9,18,6:00pm-6:59pm,56,56,1
21,Kentucky,210662,0,0,1,1,0,1,1,217,TAYLOR (217),0,NOT APPLICABLE,12,December,9,9,6,Friday,2022,14,2:00pm-2:59pm,58,58,CR-LONG BARREN RD,NA,4,County Road,1,Rural,7,Local,2,County Highway Agency,0,This section IS NOT on the NHS,0,No Special Jurisdiction,4,4,37.37976667,37.37976667,-85.28108333,-85.28108333,42,Tree (Standing Only),0,The First Harmful Event was Not a Collision with a Motor Vehicle in Transport,0,No,1,Non-Junction,1,Not an Intersection,4,On Roadside,0,None,1,Daylight,1,Clear,0,No,0000000,Not Applicable,15,3:00pm-3:59pm,1,1,15,3:00pm-3:59pm,9,9,15,3:00pm-3:59pm,49,49,1
21,Kentucky,210663,0,0,1,1,0,1,1,123,LARUE (123),0,NOT APPLICABLE,12,December,9,9,6,Friday,2022,23,11:00pm-11:59pm,49,49,SR-61 GREENSBURG RD,NA,3,State Highway,1,Rural,4,Minor Arterial,1,State Highway Agency,0,This section IS NOT on the NHS,0,No Special Jurisdiction,36,36,37.49079167,37.49079167,-85.6811,-85.6811,53,Mail Box,0,The First Harmful Event was Not a Collision with a Motor Vehicle in Transport,0,No,1,Non-Junction,1,Not an Intersection,4,On Roadside,0,None,2,Dark - Not Lighted,5,"Fog, Smog, Smoke",0,No,0000000,Not Applicable,23,11:00pm-11:59pm,56,56,0,0:00am-0:59am,3,3,88,Not Applicable (Not Transported),88,Not Applicable (Not Transported),1
21,Kentucky,210664,0,0,2,2,0,4,4,47,CHRISTIAN (47),0,NOT APPLICABLE,12,December,13,13,3,Tuesday,2022,16,4:00pm-4:59pm,43,43,SR-109 DAWSON SPRINGS RD,NA,3,State Highway,1,Rural,5,Major Collector,1,State Highway Agency,0,This section IS NOT on the NHS,0,No Special Jurisdiction,149,149,36.93336667,36.93336667,-87.53061111,-87.53061111,35,Embankment,0,The First Harmful Event was Not a Collision with a Motor Vehicle in Transport,0,No,1,Non-Junction,1,Not an Intersection,4,On Roadside,0,None,5,Dusk,1,Clear,0,No,0000000,Not Applicable,16,4:00pm-4:59pm,49,49,16,4:00pm-4:59pm,54,54,17,5:00pm-5:59pm,25,25,1
21,Kentucky,210665,0,0,1,1,0,1,1,203,ROCKCASTLE (203),0,NOT APPLICABLE,12,December,13,13,3,Tuesday,2022,18,6:00pm-6:59pm,15,15,SR-1786 WILDIE RD,NA,3,State Highway,1,Rural,7,Local,1,State Highway Agency,0,This section IS NOT on the NHS,0,No Special Jurisdiction,1,1,37.43961389,37.43961389,-84.31717222,-84.31717222,10,Railway Vehicle,0,The First Harmful Event was Not a Collision with a Motor Vehicle in Transport,0,No,6,Railway Grade Crossing,1,Not an Intersection,1,On Roadway,0,None,2,Dark - Not Lighted,10,Cloudy,0,No,353559M,353559M,18,6:00pm-6:59pm,19,19,18,6:00pm-6:59pm,31,31,18,6:00pm-6:59pm,47,47,1
21,Kentucky,210666,0,0,2,2,0,5,5,209,SCOTT (209),1280,GEORGETOWN,12,December,16,16,6,Friday,2022,8,8:00am-8:59am,32,32,US-25 LEXINGTON RD,NA,2,US Highway,2,Urban,4,Minor Arterial,1,State Highway Agency,0,This section IS NOT on the NHS,0,No Special Jurisdiction,23,23,38.18707778,38.18707778,-84.56261667,-84.56261667,12,Motor Vehicle In-Transport,6,Angle,0,No,98,Not Reported,98,Not Reported,1,On Roadway,0,None,1,Daylight,1,Clear,0,No,0000000,Not Applicable,8,8:00am-8:59am,33,33,8,8:00am-8:59am,37,37,9,9:00am-9:59am,14,14,1
21,Kentucky,210667,0,0,1,1,0,1,1,203,ROCKCASTLE (203),2330,MOUNT VERNON,12,December,25,25,1,Sunday,2022,13,1:00pm-1:59pm,21,21,I-75,NA,1,Interstate,1,Rural,1,Interstate,1,State Highway Agency,1,This section IS ON the NHS,0,No Special Jurisdiction,2,2,37.34519722,37.34519722,-84.30771944,-84.30771944,35,Embankment,0,The First Harmful Event was Not a Collision with a Motor Vehicle in Transport,1,Yes,5,Entrance/Exit Ramp Related,1,Not an Intersection,4,On Roadside,0,None,1,Daylight,1,Clear,0,No,0000000,Not Applicable,13,1:00pm-1:59pm,21,21,13,1:00pm-1:59pm,22,22,88,Not Applicable (Not Transported),88,Not Applicable (Not Transported),1