STATE,STATENAME,ST_CASE,PEDS,PERNOTMVIT,VE_TOTAL,VE_FORMS,PVH_INVL,PERSONS,PERMVIT,COUNTY,COUNTYNAME,CITY,CITYNAME,MONTH,MONTHNAME,DAY,DAYNAME,DAY_WEEK,DAY_WEEKNAME,YEAR,HOUR,HOURNAME,MINUTE,MINUTENAME,TWAY_ID,TWAY_ID2,ROUTE,ROUTENAME,RUR_URB,RUR_URBNAME,FUNC_SYS,FUNC_SYSNAME,RD_OWNER,RD_OWNERNAME,NHS,NHSNAME,SP_JUR,SP_JURNAME,MILEPT,MILEPTNAME,LATITUDE,LATITUDENAME,LONGITUD,LONGITUDNAME,HARM_EV,HARM_EVNAME,MAN_COLL,MAN_COLLNAME,RELJCT1,RELJCT1NAME,RELJCT2,RELJCT2NAME,TYP_INT,TYP_INTNAME,REL_ROAD,REL_ROADNAME,WRK_ZONE,WRK_ZONENAME,LGT_COND,LGT_CONDNAME,WEATHER,WEATHERNAME,SCH_BUS,SCH_BUSNAME,RAIL,RAILNAME,NOT_HOUR,NOT_HOURNAME,NOT_MIN,NOT_MINNAME,ARR_HOUR,ARR_HOURNAME,ARR_MIN,ARR_MINNAME,HOSP_HR,HOSP_HRNAME,HOSP_MN,HOSP_MNNAME,FATALS
21,Kentucky,210668,0,0,2,2,0,2,2,205,ROWAN (205),0,NOT APPLICABLE,12,December,28,28,4,Wednesday,2022,7,7:00am-7:59am,30,30,SR-32 FLEMINGSBURG RD,NA,3,State Highway,1,Rural,4,Minor Arterial,1,State Highway Agency,0,This section IS NOT on the NHS,0,No Special Jurisdiction,28,28,38.22392222,38.22392222,-83.48882778,-83.48882778,12,Motor Vehicle In-Transport,2,Front-to-Front,0,No,1,Non-Junction,1,Not an Intersection,1,On Roadway,0,None,1,Daylight,1,Clear,0,No,0000000,Not Applicable,7,7:00am-7:59am,34,34,7,7:00am-7:59am,47,47,8,8:00am-8:59am,4,4,1
21,Kentucky,210669,1,1,1,1,0,1,1,145,MCCRACKEN (145),2520,PADUCAH,12,December,29,29,5,Thursday,2022,17,5:00pm-5:59pm,57,57,US-45,NA,2,US Highway,2,Urban,3,Principal Arterial - Other,1,State Highway Agency,0,This section IS NOT on the NHS,0,No Special Jurisdiction,75,75,37.04564167,37.04564167,-88.65592222,-88.65592222,8,Pedestrian,0,The First Harmful Event was Not a Collision with a Motor Vehicle in Transport,0,No,1,Non-Junction,1,Not an Intersection,1,On Roadway,0,None,2,Dark - Not Lighted,2,Rain,0,No,0000000,Not Applicable,17,5:00pm-5:59pm,58,58,18,6:00pm-6:59pm,1,1,88,Not Applicable (Not Transported),88,Not Applicable (Not Transported),1
21,Kentucky,210670,0,0,1,1,0,1,1,77,GALLATIN (77),0,NOT APPLICABLE,5,May,16,16,2,Monday,2022,21,9:00pm-9:59pm,21,21,I-71,NA,1,Interstate,1,Rural,1,Interstate,1,State Highway Agency,1,This section IS ON the NHS,0,No Special Jurisdiction,580,580,38.71180278,38.71180278,-84.88984167,-84.88984167,24,Guardrail Face,0,The First Harmful Event was Not a Collision with a Motor Vehicle in Transport,0,No,1,Non-Junction,1,Not an Intersection,4,On Roadside,0,None,2,Dark - Not Lighted,1,Clear,0,No,0000000,Not Applicable,21,9:00pm-9:59pm,27,27,21,9:00pm-9:59pm,35,35,88,Not Applicable (Not Transported),88,Not Applicable (Not Transported),1
21,Kentucky,210671,0,0,1,1,0,1,1,101,HENDERSON (101),0,NOT APPLICABLE,7,July,22,22,6,Friday,2022,3,3:00am-3:59am,11,11,SR-351 ZION RD,NA,3,State Highway,1,Rural,3,Principal Arterial - Other,1,State Highway Agency,0,This section IS NOT on the NHS,0,No Special Jurisdiction,54,54,37.81438611,37.81438611,-87.49450833,-87.49450833,35,Embankment,0,The First Harmful Event was Not a Collision with a Motor Vehicle in Transport,0,No,1,Non-Junction,1,Not an Intersection,4,On Roadside,0,None,2,Dark - Not Lighted,1,Clear,0,No,0000000,Not Applicable,3,3:00am-3:59am,12,12,3,3:00am-3:59am,25,25,4,4:00am-4:59am,25,25,1
21,Kentucky,210672,0,0,1,1,0,1,1,189,OWSLEY (189),2736,RICETOWN,9,September,14,14,4,Wednesday,2022,18,6:00pm-6:59pm,54,54,SR-2024,NA,3,State Highway,1,Rural,6,Minor Collector,1,State Highway Agency,0,This section IS NOT on the NHS,0,No Special Jurisdiction,10,10,37.375,37.375,-83.63155833,-83.63155833,32,Culvert,0,The First Harmful Event was Not a Collision with a Motor Vehicle in Transport,0,No,1,Non-Junction,1,Not an Intersection,4,On Roadside,0,None,2,Dark - Not Lighted,7,"Blowing Sand, Soil, Dirt",0,No,0000000,Not Applicable,19,7:00pm-7:59pm,1,1,19,7:00pm-7:59pm,18,18,88,Not Applicable (Not Transported),88,Not Applicable (Not Transported),1
21,Kentucky,210673,0,0,1,1,0,2,2,117,KENTON (117),3369,VILLA HILLS,9,September,17,17,7,Saturday,2022,15,3:00pm-3:59pm,3,3,CR-BROMLEY CRESCENT SPRINGS RD,NA,4,County Road,1,Rural,7,Local,2,County Highway Agency,0,This section IS NOT on the NHS,0,No Special Jurisdiction,5,5,39.06815833,39.06815833,-84.56091667,-84.56091667,30,Utility Pole/Light Support,0,The First Harmful Event was Not a Collision with a Motor Vehicle in Transport,0,No,1,Non-Junction,1,Not an Intersection,4,On Roadside,0,None,1,Daylight,1,Clear,0,No,0000000,Not Applicable,15,3:00pm-3:59pm,5,5,15,3:00pm-3:59pm,14,14,15,3:00pm-3:59pm,55,55,1
21,Kentucky,210674,0,0,2,2,0,5,5,155,MARION (155),0,NOT APPLICABLE,9,September,23,23,6,Friday,2022,19,7:00pm-7:59pm,14,14,SR-426 MILLER PIKE,NA,3,State Highway,1,Rural,5,Major Collector,1,State Highway Agency,0,This section IS NOT on the NHS,0,No Special Jurisdiction,8,8,37.56153889,37.56153889,-85.33829722,-85.33829722,12,Motor Vehicle In-Transport,6,Angle,0,No,8,Driveway Access Related,1,Not an Intersection,1,On Roadway,0,None,5,Dusk,1,Clear,0,No,0000000,Not Applicable,19,7:00pm-7:59pm,15,15,19,7:00pm-7:59pm,23,23,88,Not Applicable (Not Transported),88,Not Applicable (Not Transported),1
21,Kentucky,210675,0,0,1,1,0,1,1,217,TAYLOR (217),520,CAMPBELLSVILLE,11,November,4,4,6,Friday,2022,22,10:00pm-10:59pm,9,9,SR-527 N CENTRAL AVE,NA,3,State Highway,2,Urban,6,Minor Collector,3,Town or Township Highway Agency,0,This section IS NOT on the NHS,0,No Special Jurisdiction,7,7,37.35169444,37.35169444,-85.35023611,-85.35023611,30,Utility Pole/Light Support,0,The First Harmful Event was Not a Collision with a Motor Vehicle in Transport,0,No,1,Non-Junction,1,Not an Intersection,4,On Roadside,0,None,2,Dark - Not Lighted,1,Clear,0,No,0000000,Not Applicable,22,10:00pm-10:59pm,9,9,22,10:00pm-10:59pm,17,17,22,10:00pm-10:59pm,26,26,1
21,Kentucky,210676,0,0,2,2,0,2,2,93,HARDIN (93),1000,ELIZABETHTOWN,11,November,10,10,5,Thursday,2022,7,7:00am-7:59am,53,53,US-62 LEITCHFIELD RD,SR-3005 Ring Rd,2,US Highway,2,Urban,4,Minor Arterial,1,State Highway Agency,1,This section IS ON the NHS,0,No Special Jurisdiction,145,145,37.67157778,37.67157778,-85.9119,-85.9119,12,Motor Vehicle In-Transport,6,Angle,0,No,2,Intersection,2,Four-Way Intersection,1,On Roadway,0,None,1,Daylight,1,Clear,0,No,0000000,Not Applicable,7,7:00am-7:59am,56,56,8,8:00am-8:59am,0,0,8,8:00am-8:59am,56,56,1
21,Kentucky,210677,0,0,2,2,0,2,2,71,FLOYD (71),2670,PRESTONSBURG,3,March,23,23,4,Wednesday,2022,7,7:00am-7:59am,7,7,US-23,NA,2,US Highway,1,Rural,3,Principal Arterial - Other,1,State Highway Agency,1,This section IS ON the NHS,0,No Special Jurisdiction,123,123,37.63282778,37.63282778,-82.74196944,-82.74196944,12,Motor Vehicle In-Transport,2,Front-to-Front,0,No,1,Non-Junction,1,Not an Intersection,1,On Roadway,0,None,3,Dark - Lighted,10,Cloudy,0,No,0000000,Not Applicable,7,7:00am-7:59am,9,9,7,7:00am-7:59am,49,49,8,8:00am-8:59am,16,16,1
21,Kentucky,210678,1,1,1,1,0,1,1,67,FAYETTE (67),1980,LEXINGTON-FAYETTE,6,June,15,15,4,Wednesday,2022,22,10:00pm-10:59pm,0,0,SR-922 NEWTOWN PIKE,NA,3,State Highway,1,Rural,5,Major Collector,1,State Highway Agency,0,This section IS NOT on the NHS,0,No Special Jurisdiction,45,45,38.111525,38.111525,-84.482375,-84.482375,9,Pedalcyclist,0,The First Harmful Event was Not a Collision with a Motor Vehicle in Transport,0,No,1,Non-Junction,1,Not an Intersection,1,On Roadway,0,None,2,Dark - Not Lighted,1,Clear,0,No,0000000,Not Applicable,22,10:00pm-10:59pm,2,2,22,10:00pm-10:59pm,8,8,22,10:00pm-10:59pm,25,25,1
21,Kentucky,210679,0,0,2,2,0,2,2,167,MERCER (167),0,NOT APPLICABLE,7,July,4,4,2,Monday,2022,4,4:00am-4:59am,52,52,SR-9002 BLUEGRASS PARKWAY,NA,3,State Highway,1,Rural,3,Principal Arterial - Other,1,State Highway Agency,1,This section IS ON the NHS,0,No Special Jurisdiction,535,535,37.93655278,37.93655278,-84.95603333,-84.95603333,12,Motor Vehicle In-Transport,2,Front-to-Front,0,No,1,Non-Junction,1,Not an Intersection,1,On Roadway,0,None,2,Dark - Not Lighted,1,Clear,0,No,0000000,Not Applicable,4,4:00am-4:59am,52,52,4,4:00am-4:59am,53,53,88,Not Applicable (Not Transported),88,Not Applicable (Not Transported),2
21,Kentucky,210680,0,0,1,1,0,2,2,73,FRANKLIN (73),0,NOT APPLICABLE,8,August,30,30,3,Tuesday,2022,18,6:00pm-6:59pm,0,0,CR-CRESTWOOD DR,NA,4,County Road,1,Rural,7,Local,2,County Highway Agency,0,This section IS NOT on the NHS,0,No Special Jurisdiction,0,None,38.13942222,38.13942222,-84.92393611,-84.92393611,1,Rollover/Overturn,0,The First Harmful Event was Not a Collision with a Motor Vehicle in Transport,0,No,1,Non-Junction,1,Not an Intersection,1,On Roadway,0,None,1,Daylight,1,Clear,0,No,0000000,Not Applicable,88,Not Applicable (Not Notified),88,Not Applicable (Not Notified),88,Not Applicable,88,Not Applicable,88,Not Applicable (Not Transported),88,Not Applicable (Not Transported),1
21,Kentucky,210681,1,1,1,1,0,1,1,111,JEFFERSON (111),2090,LOUISVILLE,9,September,9,9,6,Friday,2022,1,1:00am-1:59am,13,13,SR-61 PRESTON HWY,LORETTA STREET,3,State Highway,2,Urban,4,Minor Arterial,1,State Highway Agency,0,This section IS NOT on the NHS,0,No Special Jurisdiction,65,65,38.17117222,38.17117222,-85.70910556,-85.70910556,8,Pedestrian,0,The First Harmful Event was Not a Collision with a Motor Vehicle in Transport,0,No,3,Intersection-Related,98,Not Reported,1,On Roadway,0,None,2,Dark - Not Lighted,1,Clear,0,No,0000000,Not Applicable,1,1:00am-1:59am,13,13,1,1:00am-1:59am,19,19,1,1:00am-1:59am,43,43,1
21,Kentucky,210682,0,0,1,1,0,1,1,167,MERCER (167),0,NOT APPLICABLE,9,September,14,14,4,Wednesday,2022,15,3:00pm-3:59pm,55,55,CR-SHORT RD,NA,4,County Road,1,Rural,7,Local,2,County Highway Agency,0,This section IS NOT on the NHS,0,No Special Jurisdiction,5,5,37.95084167,37.95084167,-84.84064167,-84.84064167,42,Tree (Standing Only),0,The First Harmful Event was Not a Collision with a Motor Vehicle in Transport,0,No,1,Non-Junction,1,Not an Intersection,4,On Roadside,0,None,1,Daylight,1,Clear,0,No,0000000,Not Applicable,15,3:00pm-3:59pm,56,56,16,4:00pm-4:59pm,8,8,88,Not Applicable (Not Transported),88,Not Applicable (Not Transported),1
21,Kentucky,210683,0,0,2,2,0,2,2,231,WAYNE (231),0,NOT APPLICABLE,9,September,28,28,4,Wednesday,2022,7,7:00am-7:59am,42,42,SR-167,NA,3,State Highway,1,Rural,6,Minor Collector,1,State Highway Agency,0,This section IS NOT on the NHS,0,No Special Jurisdiction,172,172,36.79340833,36.79340833,-84.85763889,-84.85763889,12,Motor Vehicle In-Transport,2,Front-to-Front,0,No,1,Non-Junction,1,Not an Intersection,1,On Roadway,0,None,1,Daylight,1,Clear,0,No,0000000,Not Applicable,7,7:00am-7:59am,47,47,7,7:00am-7:59am,57,57,8,8:00am-8:59am,26,26,1
21,Kentucky,210684,0,0,2,2,0,2,2,87,GREEN (87),0,NOT APPLICABLE,10,October,7,7,6,Friday,2022,10,10:00am-10:59am,58,58,SR-2763,NA,3,State Highway,1,Rural,6,Minor Collector,1,State Highway Agency,0,This section IS NOT on the NHS,0,No Special Jurisdiction,14,14,37.36184167,37.36184167,-85.52433889,-85.52433889,12,Motor Vehicle In-Transport,8,Sideswipe - Opposite Direction,0,No,1,Non-Junction,1,Not an Intersection,1,On Roadway,0,None,1,Daylight,1,Clear,0,No,0000000,Not Applicable,10,10:00am-10:59am,58,58,11,11:00am-11:59am,18,18,12,12:00pm-12:59pm,45,45,1
21,Kentucky,210685,0,0,1,1,0,1,1,85,GRAYSON (85),0,NOT APPLICABLE,10,October,23,23,1,Sunday,2022,19,7:00pm-7:59pm,58,58,SR-187 SHREWSBURY RD,NA,3,State Highway,1,Rural,5,Major Collector,1,State Highway Agency,0,This section IS NOT on the NHS,0,No Special Jurisdiction,78,78,37.42911111,37.42911111,-86.35525,-86.35525,30,Utility Pole/Light Support,0,The First Harmful Event was Not a Collision with a Motor Vehicle in Transport,0,No,1,Non-Junction,1,Not an Intersection,4,On Roadside,0,None,2,Dark - Not Lighted,1,Clear,0,No,0000000,Not Applicable,19,7:00pm-7:59pm,58,58,20,8:00pm-8:59pm,6,6,88,Not Applicable (Not Transported),88,Not Applicable (Not Transported),1
21,Kentucky,210686,0,0,1,1,0,1,1,75,FULTON (75),1270,FULTON,8,August,31,31,4,Wednesday,2022,6,6:00am-6:59am,39,39,US-45 N HIGHLAND,NA,2,US Highway,1,Rural,5,Major Collector,1,State Highway Agency,0,This section IS NOT on the NHS,0,No Special Jurisdiction,16,16,36.511925,36.511925,-88.87431667,-88.87431667,32,Culvert,0,The First Harmful Event was Not a Collision with a Motor Vehicle in Transport,0,No,1,Non-Junction,1,Not an Intersection,4,On Roadside,0,None,4,Dawn,1,Clear,0,No,0000000,Not Applicable,6,6:00am-6:59am,39,39,6,6:00am-6:59am,47,47,7,7:00am-7:59am,14,14,1
21,Kentucky,210687,1,1,1,1,0,1,1,111,JEFFERSON (111),2090,LOUISVILLE,11,November,10,10,5,Thursday,2022,5,5:00am-5:59am,57,57,SR-864 POPLAR LEVEL RD,NA,3,State Highway,2,Urban,4,Minor Arterial,1,State Highway Agency,0,This section IS NOT on the NHS,0,No Special Jurisdiction,109,109,38.19064444,38.19064444,-85.704525,-85.704525,8,Pedestrian,0,The First Harmful Event was Not a Collision with a Motor Vehicle in Transport,0,No,1,Non-Junction,1,Not an Intersection,1,On Roadway,0,None,3,Dark - Lighted,1,Clear,0,No,0000000,Not Applicable,99,Unknown,99,Unknown,99,Unknown EMS Scene Arrival Hour,99,Unknown EMS Scene Arrival Minutes,99,Unknown,99,Unknown EMS Hospital Arrival Time,1
21,Kentucky,210688,0,0,4,4,0,6,6,49,CLARK (49),3610,WINCHESTER,10,October,26,26,4,Wednesday,2022,15,3:00pm-3:59pm,35,35,SR-627 N MAPLE ST,W WASHINGTON ST,3,State Highway,2,Urban,7,Local,1,State Highway Agency,0,This section IS NOT on the NHS,0,No Special Jurisdiction,0,None,37.99569722,37.99569722,-84.17731944,-84.17731944,12,Motor Vehicle In-Transport,1,Front-to-Rear,0,No,3,Intersection-Related,2,Four-Way Intersection,1,On Roadway,0,None,1,Daylight,10,Cloudy,0,No,0000000,Not Applicable,15,3:00pm-3:59pm,36,36,15,3:00pm-3:59pm,40,40,15,3:00pm-3:59pm,57,57,1
21,Kentucky,210689,0,0,2,1,1,1,1,203,ROCKCASTLE (203),0,NOT APPLICABLE,11,November,11,11,6,Friday,2022,13,1:00pm-1:59pm,22,22,I-75,NA,1,Interstate,1,Rural,1,Interstate,1,State Highway Agency,1,This section IS ON the NHS,0,No Special Jurisdiction,730,730,37.53349167,37.53349167,-84.32117222,-84.32117222,14,Parked Motor Vehicle,0,The First Harmful Event was Not a Collision with a Motor Vehicle in Transport,0,No,1,Non-Junction,1,Not an Intersection,2,On Shoulder,0,None,1,Daylight,2,Rain,0,No,0000000,Not Applicable,13,1:00pm-1:59pm,34,34,13,1:00pm-1:59pm,59,59,14,2:00pm-2:59pm,9,9,1
21,Kentucky,210690,0,0,1,1,0,2,2,47,CHRISTIAN (47),0,NOT APPLICABLE,2,February,12,12,7,Saturday,2022,12,12:00pm-12:59pm,47,47,SR-9004,NA,3,State Highway,2,Urban,2,Principal Arterial - Other Freeways and Expressways,1,State Highway Agency,1,This section IS ON the NHS,0,No Special Jurisdiction,84,84,36.85093889,36.85093889,-87.46373889,-87.46373889,1,Rollover/Overturn,0,The First Harmful Event was Not a Collision with a Motor Vehicle in Transport,0,No,1,Non-Junction,1,Not an Intersection,1,On Roadway,0,None,1,Daylight,1,Clear,0,No,0000000,Not Applicable,12,12:00pm-12:59pm,49,49,13,1:00pm-1:59pm,4,4,13,1:00pm-1:59pm,24,24,1
21,Kentucky,210691,0,0,1,1,0,1,1,167,MERCER (167),0,NOT APPLICABLE,10,October,20,20,5,Thursday,2022,10,10:00am-10:59am,0,0,US-68 LEXINGTON RD,NA,2,US Highway,1,Rural,4,Minor Arterial,1,State Highway Agency,0,This section IS NOT on the NHS,0,No Special Jurisdiction,224,224,37.80011389,37.80011389,-84.78563889,-84.78563889,42,Tree (Standing Only),0,The First Harmful Event was Not a Collision with a Motor Vehicle in Transport,0,No,1,Non-Junction,1,Not an Intersection,4,On Roadside,0,None,1,Daylight,1,Clear,0,No,0000000,Not Applicable,10,10:00am-10:59am,5,5,10,10:00am-10:59am,20,20,11,11:00am-11:59am,5,5,1
21,Kentucky,210692,0,0,1,1,0,4,4,159,MARTIN (159),0,NOT APPLICABLE,11,November,8,8,3,Tuesday,2022,9,9:00am-9:59am,10,10,SR-908 TURKEY CREEK,NA,3,State Highway,1,Rural,6,Minor Collector,1,State Highway Agency,0,This section IS NOT on the NHS,0,No Special Jurisdiction,97,97,37.8999,37.8999,-82.48923056,-82.48923056,42,Tree (Standing Only),0,The First Harmful Event was Not a Collision with a Motor Vehicle in Transport,0,No,1,Non-Junction,1,Not an Intersection,4,On Roadside,0,None,1,Daylight,1,Clear,0,No,0000000,Not Applicable,9,9:00am-9:59am,10,10,9,9:00am-9:59am,22,22,11,11:00am-11:59am,8,8,1
21,Kentucky,210693,0,0,2,2,0,4,4,111,JEFFERSON (111),2090,LOUISVILLE,12,December,15,15,5,Thursday,2022,22,10:00pm-10:59pm,1,1,SR-22 BROWNSBORO RD,NEW CHAMBERLAIN LN,3,State Highway,2,Urban,4,Minor Arterial,1,State Highway Agency,0,This section IS NOT on the NHS,0,No Special Jurisdiction,48,48,38.31553889,38.31553889,-85.56140833,-85.56140833,12,Motor Vehicle In-Transport,6,Angle,0,No,2,Intersection,98,Not Reported,1,On Roadway,0,None,3,Dark - Lighted,1,Clear,0,No,0000000,Not Applicable,22,10:00pm-10:59pm,2,2,22,10:00pm-10:59pm,8,8,22,10:00pm-10:59pm,26,26,1
21,Kentucky,210694,0,0,1,1,0,1,1,173,MONTGOMERY (173),0,NOT APPLICABLE,12,December,12,12,2,Monday,2022,16,4:00pm-4:59pm,4,4,SR-11 LEVEE RD,NA,3,State Highway,1,Rural,6,Minor Collector,1,State Highway Agency,0,This section IS NOT on the NHS,0,No Special Jurisdiction,99998,Not Reported,38.00791111,38.00791111,-83.94665,-83.94665,32,Culvert,0,The First Harmful Event was Not a Collision with a Motor Vehicle in Transport,0,No,1,Non-Junction,1,Not an Intersection,4,On Roadside,0,None,1,Daylight,1,Clear,0,No,0000000,Not Applicable,16,4:00pm-4:59pm,5,5,16,4:00pm-4:59pm,12,12,88,Not Applicable (Not Transported),88,Not Applicable (Not Transported),1
21,Kentucky,210695,0,0,1,1,0,2,2,173,MONTGOMERY (173),0,NOT APPLICABLE,12,December,16,16,6,Friday,2022,6,6:00am-6:59am,22,22,SR-11 LEVEE RD,NA,3,State Highway,1,Rural,4,Minor Arterial,1,State Highway Agency,0,This section IS NOT on the NHS,0,No Special Jurisdiction,99998,Not Reported,38.025975,38.025975,-83.94846111,-83.94846111,42,Tree (Standing Only),0,The First Harmful Event was Not a Collision with a Motor Vehicle in Transport,0,No,1,Non-Junction,1,Not an Intersection,4,On Roadside,0,None,2,Dark - Not Lighted,10,Cloudy,0,No,0000000,Not Applicable,6,6:00am-6:59am,27,27,6,6:00am-6:59am,31,31,6,6:00am-6:59am,51,51,1
21,Kentucky,210696,0,0,3,3,0,4,4,125,LAUREL (125),0,NOT APPLICABLE,8,August,17,17,4,Wednesday,2022,11,11:00am-11:59am,0,0,US-25,NA,2,US Highway,2,Urban,4,Minor Arterial,1,State Highway Agency,0,This section IS NOT on the NHS,0,No Special Jurisdiction,41,41,37.02320556,37.02320556,-84.06869167,-84.06869167,12,Motor Vehicle In-Transport,1,Front-to-Rear,0,No,1,Non-Junction,1,Not an Intersection,1,On Roadway,0,None,1,Daylight,1,Clear,0,No,0000000,Not Applicable,99,Unknown,99,Unknown,99,Unknown EMS Scene Arrival Hour,99,Unknown EMS Scene Arrival Minutes,99,Unknown,99,Unknown EMS Hospital Arrival Time,1
21,Kentucky,210697,0,0,1,1,0,1,1,237,WOLFE (237),0,NOT APPLICABLE,9,September,20,20,3,Tuesday,2022,19,7:00pm-7:59pm,0,0,SR-746,NA,3,State Highway,1,Rural,6,Minor Collector,1,State Highway Agency,0,This section IS NOT on the NHS,0,No Special Jurisdiction,79,79,37.81418611,37.81418611,-83.50198056,-83.50198056,38,Fence,0,The First Harmful Event was Not a Collision with a Motor Vehicle in Transport,0,No,1,Non-Junction,1,Not an Intersection,5,Outside Trafficway,0,None,1,Daylight,1,Clear,0,No,0000000,Not Applicable,19,7:00pm-7:59pm,0,0,19,7:00pm-7:59pm,17,17,99,Unknown,99,Unknown EMS Hospital Arrival Time,1
21,Kentucky,210698,0,0,2,2,0,3,3,1,ADAIR (1),740,COLUMBIA,10,October,5,5,4,Wednesday,2022,14,2:00pm-2:59pm,30,30,SR-61 S BURKESVILLE RD,SR-55 COLUMBIA BYPASS,3,State Highway,1,Rural,4,Minor Arterial,1,State Highway Agency,0,This section IS NOT on the NHS,0,No Special Jurisdiction,122,122,37.08873333,37.08873333,-85.31976111,-85.31976111,12,Motor Vehicle In-Transport,6,Angle,0,No,2,Intersection,2,Four-Way Intersection,1,On Roadway,0,None,1,Daylight,1,Clear,0,No,0000000,Not Applicable,14,2:00pm-2:59pm,31,31,14,2:00pm-2:59pm,37,37,15,3:00pm-3:59pm,30,30,1
21,Kentucky,210699,0,0,1,1,0,1,1,17,BOURBON (17),0,NOT APPLICABLE,10,October,5,5,4,Wednesday,2022,19,7:00pm-7:59pm,40,40,CR-FERGUSON RD,NA,4,County Road,1,Rural,7,Local,2,County Highway Agency,0,This section IS NOT on the NHS,0,No Special Jurisdiction,7,7,38.16126944,38.16126944,-84.34786667,-84.34786667,42,Tree (Standing Only),0,The First Harmful Event was Not a Collision with a Motor Vehicle in Transport,0,No,1,Non-Junction,1,Not an Intersection,4,On Roadside,0,None,2,Dark - Not Lighted,1,Clear,0,No,0000000,Not Applicable,19,7:00pm-7:59pm,40,40,19,7:00pm-7:59pm,47,47,88,Not Applicable (Not Transported),88,Not Applicable (Not Transported),1
21,Kentucky,210700,0,0,1,1,0,1,1,137,LINCOLN (137),0,NOT APPLICABLE,10,October,17,17,2,Monday,2022,7,7:00am-7:59am,40,40,SR-39,NA,3,State Highway,1,Rural,5,Major Collector,1,State Highway Agency,0,This section IS NOT on the NHS,0,No Special Jurisdiction,12,12,37.34746111,37.34746111,-84.50473056,-84.50473056,32,Culvert,0,The First Harmful Event was Not a Collision with a Motor Vehicle in Transport,0,No,1,Non-Junction,1,Not an Intersection,4,On Roadside,0,None,1,Daylight,10,Cloudy,0,No,0000000,Not Applicable,7,7:00am-7:59am,43,43,7,7:00am-7:59am,55,55,8,8:00am-8:59am,38,38,1
21,Kentucky,210701,0,0,1,1,0,2,2,127,LAWRENCE (127),0,NOT APPLICABLE,11,November,15,15,3,Tuesday,2022,17,5:00pm-5:59pm,1,1,US-23,NA,2,US Highway,1,Rural,3,Principal Arterial - Other,1,State Highway Agency,1,This section IS ON the NHS,0,No Special Jurisdiction,232,232,38.17555278,38.17555278,-82.61648889,-82.61648889,35,Embankment,0,The First Harmful Event was Not a Collision with a Motor Vehicle in Transport,0,No,1,Non-Junction,1,Not an Intersection,4,On Roadside,0,None,1,Daylight,10,Cloudy,0,No,0000000,Not Applicable,99,Unknown,99,Unknown,99,Unknown EMS Scene Arrival Hour,99,Unknown EMS Scene Arrival Minutes,99,Unknown,99,Unknown EMS Hospital Arrival Time,1
21,Kentucky,210702,1,1,1,1,0,1,1,93,HARDIN (93),1000,ELIZABETHTOWN,11,November,4,4,6,Friday,2022,7,7:00am-7:59am,22,22,US-31W,NA,2,US Highway,2,Urban,3,Principal Arterial - Other,1,State Highway Agency,1,This section IS ON the NHS,0,No Special Jurisdiction,195,195,37.72904722,37.72904722,-85.88435556,-85.88435556,8,Pedestrian,0,The First Harmful Event was Not a Collision with a Motor Vehicle in Transport,0,No,1,Non-Junction,1,Not an Intersection,1,On Roadway,0,None,3,Dark - Lighted,1,Clear,0,No,0000000,Not Applicable,7,7:00am-7:59am,23,23,7,7:00am-7:59am,30,30,7,7:00am-7:59am,53,53,1
21,Kentucky,210703,0,0,1,1,0,1,1,27,BRECKINRIDGE (27),0,NOT APPLICABLE,6,June,17,17,6,Friday,2022,7,7:00am-7:59am,30,30,SR-259,NA,3,State Highway,1,Rural,5,Major Collector,1,State Highway Agency,0,This section IS NOT on the NHS,0,No Special Jurisdiction,120,120,37.81066389,37.81066389,-86.49295278,-86.49295278,42,Tree (Standing Only),0,The First Harmful Event was Not a Collision with a Motor Vehicle in Transport,0,No,1,Non-Junction,1,Not an Intersection,4,On Roadside,0,None,1,Daylight,1,Clear,0,No,0000000,Not Applicable,7,7:00am-7:59am,29,29,7,7:00am-7:59am,35,35,8,8:00am-8:59am,45,45,1